chembl_id,canonical_smiles,standard_value
CHEMBL1466,O=c1oc2ccccc2c(O)c1Cc1c(O)c2ccccc2oc1=O,15135.61
CHEMBL260998,O=c1oc2ccccc2c(O)c1C(c1ccc[nH]1)c1c(O)c2ccccc2oc1=O,46773.51
CHEMBL260997,CCOc1cc(C(c2c(O)c3ccccc3oc2=O)c2c(O)c3ccccc3oc2=O)ccc1O,91201.08
CHEMBL258733,O=c1oc2ccccc2c(O)c1C(c1c(O)c2ccccc2oc1=O)c1c[nH]c2ccccc12,61659.5
CHEMBL81935,O=c1c(C(c2ccc([N+](=O)[O-])cc2)c2c(O)oc3ccccc3c2=O)c(O)oc2ccccc12,70794.58
CHEMBL409739,O=c1oc2ccccc2c(O)c1C(c1cccc([N+](=O)[O-])c1)c1c(O)c2ccccc2oc1=O,81283.05
CHEMBL430228,Nc1cccc(C(c2c(O)c3ccccc3oc2=O)c2c(O)c3ccccc3oc2=O)c1,75857.76
CHEMBL409439,O=c1oc2ccccc2c(O)c1C(c1cccc(O)c1)c1c(O)c2ccccc2oc1=O,72443.6
CHEMBL259477,O=c1oc2ccccc2c(O)c1C(c1cccnc1)c1c(O)c2ccccc2oc1=O,35481.34
CHEMBL259153,O=c1oc2ccccc2c(O)c1C(c1ccncc1)c1c(O)c2ccccc2oc1=O,58884.37
CHEMBL259154,O=c1oc2ccccc2c(O)c1C(/C=C/c1ccccc1)c1c(O)c2ccccc2oc1=O,60255.96
CHEMBL409740,C/C=C/C(c1c(O)c2ccccc2oc1=O)c1c(O)c2ccccc2oc1=O,43651.58
CHEMBL261558,CCCCC(c1c(O)c2ccccc2oc1=O)c1c(O)c2ccccc2oc1=O,64565.42
CHEMBL261789,O=c1oc2ccccc2c(O)c1C(CCc1ccccc1)c1c(O)c2ccccc2oc1=O,67608.3
CHEMBL1904453,CC(C)c1ccc(C(c2c(O)oc3ccccc3c2=O)c2c(O)oc3ccccc3c2=O)cc1,83176.38
CHEMBL410266,O=c1oc2ccccc2c(O)c1C(c1ccccc1Br)c1c(O)c2ccccc2oc1=O,74131.02
CHEMBL412094,O=c1oc2ccccc2c(O)c1C(c1cccc(Cl)c1)c1c(O)c2ccccc2oc1=O,74131.02
CHEMBL258768,CCCCCC(c1c(O)c2ccccc2oc1=O)c1c(O)c2ccccc2oc1=O,87096.36
CHEMBL238294,COc1ccc(C(c2c(O)c3ccccc3oc2=O)c2c(O)c3ccccc3oc2=O)cc1,60255.96
CHEMBL264936,COc1cccc(C(c2c(O)c3ccccc3oc2=O)c2c(O)c3ccccc3oc2=O)c1,56234.13
CHEMBL265181,COc1ccccc1C(c1c(O)c2ccccc2oc1=O)c1c(O)c2ccccc2oc1=O,83176.38
CHEMBL409884,O=c1oc2ccccc2c(O)c1C(c1c(O)c2ccccc2oc1=O)c1cccc2ccccc12,85113.8
CHEMBL407834,CCCC(c1c(O)c2ccccc2oc1=O)c1c(O)c2ccccc2oc1=O,67608.3
CHEMBL259975,O=c1oc2ccccc2c(O)c1C(c1ccccc1Cl)c1c(O)c2ccccc2oc1=O,85113.8
CHEMBL262114,O=c1c(C(c2ccc(O)cc2)c2c(O)oc3ccccc3c2=O)c(O)oc2ccccc12,74131.02
CHEMBL260178,CC(c1ccccc1)C(c1c(O)c2ccccc2oc1=O)c1c(O)c2ccccc2oc1=O,52480.75
CHEMBL130567,COc1cc(C(c2c(O)oc3ccccc3c2=O)c2c(O)oc3ccccc3c2=O)cc(OC)c1OC,83176.38
CHEMBL411046,COc1ccc(C(c2c(O)c3ccccc3oc2=O)c2c(O)c3ccccc3oc2=O)cc1OC,79432.82
CHEMBL312008,CN(C)c1ccc(C(c2c(O)oc3ccccc3c2=O)c2c(O)oc3ccccc3c2=O)cc1,81283.05
CHEMBL402459,CC(c1c(O)c2ccccc2oc1=O)c1c(O)c2ccccc2oc1=O,63095.73
CHEMBL734,CC(=O)NO,17300.0
CHEMBL490506,O=C1c2cc(O)cc3oc(-c4ccc(O)cc4)c(c23)-c2cc(O)cc(O)c2C1c1ccc(O)cc1,126800.0
CHEMBL1277360,Cc1ccc(-n2c(-c3cccc([N+](=O)[O-])c3)n[nH]c2=S)c(C)c1,45600.0
CHEMBL1275864,Cc1cccc(-n2c(-c3ccccc3)n[nH]c2=S)c1C,86000.0
CHEMBL1277450,Cc1ccc(-n2c(-c3cccc(Cl)c3)n[nH]c2=S)c(C)c1,459560.0
CHEMBL1277452,Cc1cccc(C)c1-n1c(-c2cccc(Cl)c2)n[nH]c1=S,357030.0
CHEMBL1277546,Cc1ccc(-n2c(-c3ccc(Cl)cc3)n[nH]c2=S)c(C)c1,170760.0
CHEMBL1277548,Cc1cccc(C)c1Nc1nnc(-c2ccccc2Cl)s1,313200.0
CHEMBL1277638,Cc1cccc(Nc2nnc(-c3ccc(Cl)cc3)s2)c1C,483550.0
CHEMBL1277639,Cc1ccc(Nc2nnc(-c3cccc([N+](=O)[O-])c3)s2)c(C)c1,398200.0
CHEMBL1275865,Cc1cccc(Nc2nnc(-c3ccccc3)s2)c1C,426100.0
CHEMBL1277640,Cc1cccc(C)c1Nc1nnc(-c2ccc(Cl)cc2)s1,214700.0
CHEMBL239452,NC(=S)N/N=C/c1ccccc1Cl,215.0
CHEMBL1269725,NC(=S)N/N=C/c1cccc(Cl)c1,670.0
CHEMBL391982,NC(=S)N/N=C/c1ccc(Cl)cc1,410.0
CHEMBL91844,N/C(S)=N/N=C/c1cccc(Br)c1,767.0
CHEMBL1910220,NC(=S)N/N=C/c1ccc(Br)cc1,707.0
CHEMBL193474,N/C(S)=N/N=C/c1cccc([N+](=O)[O-])c1,102.0
CHEMBL193804,N/C(S)=N/N=C/c1ccc([N+](=O)[O-])cc1,547.0
CHEMBL241894,COc1cccc(/C=N/NC(N)=S)c1,177.0
CHEMBL398206,COc1ccc(/C=N/NC(N)=S)cc1,887.0
CHEMBL499789,COc1cc(/C=N/NC(N)=S)cc(OC)c1OC,989.0
CHEMBL241902,CN(C)c1ccc(/C=N/NC(N)=S)cc1,127.0
CHEMBL1276230,NC(=S)N/N=C/C=C/c1ccccc1,457.0
CHEMBL1910221,NC(=S)N/N=C/c1ccccc1OCc1ccccc1,263.0
CHEMBL1910222,COc1ccc(/C=N/NC(N)=S)cc1OCc1ccccc1,330.0
CHEMBL242113,NC(=S)N/N=C/c1ccc(O)cc1,682.0
CHEMBL1910223,NC(=S)N/N=C/c1cccc(O)c1O,220.0
CHEMBL1910224,COc1cc(/C=N/NC(N)=S)cc(OC)c1O,233.0
CHEMBL1910225,C/C=C/C=N/NC(N)=S,746.0
CHEMBL260876,NC(N)=S,21000.0
CHEMBL1968195,Cc1cc(C)n(CN(Cn2nc(C)cc2C)C2CCCCC2)n1,43460.0
CHEMBL2235389,Cc1cc(C)n(CN(CCO)Cn2nc(C)cc2C)n1,44660.0
CHEMBL1828958,Cc1cc(C)n(CO)n1,94300.0
CHEMBL2285978,O=C1Nc2ccccc2/C1=N/NC(=S)Nc1c(F)cccc1F,33100.0
CHEMBL2285979,O=C1Nc2ccccc2/C1=N/NC(=S)Nc1ccc(F)cc1F,47600.0
CHEMBL2285980,O=C1Nc2ccccc2/C1=N/NC(=S)Nc1ccccc1F,20600.0
CHEMBL2285981,O=C1Nc2ccccc2/C1=N/NC(=S)Nc1ccc(OC(F)(F)F)cc1,20600.0
CHEMBL2285982,O=C1Nc2ccccc2/C1=N/NC(=S)Nc1cccc(C(F)(F)F)c1,20600.0
CHEMBL2285984,O=C1Nc2ccccc2/C1=N/NC(=S)Nc1ccccc1C(F)(F)F,33100.0
CHEMBL2285985,O=C1Nc2ccccc2/C1=N/NC(=S)Nc1cccc(F)c1,50600.0
CHEMBL1915702,O=C1Nc2ccccc2/C1=N/NC(=S)Nc1ccc(C(F)(F)F)cc1,50600.0
CHEMBL2285987,O=C1Nc2ccc(F)cc2/C1=N/NC(=S)Nc1cc(F)cc(F)c1,150700.0
CHEMBL2285989,O=C1Nc2ccc(F)cc2/C1=N/NC(=S)Nc1c(F)cccc1F,47300.0
CHEMBL2285991,O=C1Nc2ccc(F)cc2/C1=N/NC(=S)Nc1cccc(F)c1,45300.0
CHEMBL2285990,O=C1Nc2ccc(F)cc2/C1=N/NC(=S)Nc1ccccc1F,37700.0
CHEMBL2285993,O=C1Nc2ccc(F)cc2/C1=N/NC(=S)Nc1ccc(C(F)(F)F)cc1,90400.0
CHEMBL2285994,O=C1Nc2ccc(F)cc2/C1=N/NC(=S)Nc1cccc(C(F)(F)F)c1,59860.0
CHEMBL2285995,O=C1Nc2ccc(F)cc2/C1=N/NC(=S)Nc1ccccc1C(F)(F)F,50530.0
CHEMBL375922,O=C1Nc2ccc(F)cc2/C1=N/NC(=S)Nc1ccccc1,342930.0
CHEMBL2417806,CCn1cc(C(=O)O)c(=O)c2cc(F)c(N3CCN(C(=O)CSc4nnc(CN5CCN(c6ccccc6OC)CC5)n4-c4ccccc4)CC3)cc21,20.51
CHEMBL2436676,O=C(Nc1ccccc1)Nc1ccc(S(=O)(=O)Cl)cc1,120.69
CHEMBL3087542,O=C(NC(=S)NCc1ccccc1Cl)c1ccccc1,35280.0
CHEMBL3087541,O=C(NC(=S)Nc1ncccn1)c1ccccc1,8210.0
CHEMBL1555726,O=C(NC(=S)NC1CCCCC1)c1ccccc1,53200.0
CHEMBL1478462,O=C(NC(=S)NCc1ccccc1)c1ccccc1,27350.0
CHEMBL3087540,O=C(NC(=S)Nc1cccc(F)c1)c1ccccc1,3520.0
CHEMBL3087539,Cc1cc(C)c(NC(=S)NC(=O)c2ccccc2)c(C)c1,8110.0
CHEMBL3087538,O=C(NC(=S)Nc1ccc(F)cc1)c1ccccc1,41200.0
CHEMBL3087557,CCCCc1ccc(NC(=S)NC(=O)c2ccccc2)cc1,47200.0
CHEMBL3087556,O=C(NC(=S)Nc1ccc(C(F)(F)F)cc1)c1ccccc1,12200.0
CHEMBL3087555,O=C(NC(=S)Nc1ccccc1C(F)(F)F)c1ccccc1,38200.0
CHEMBL3087554,COc1cccc(NC(=S)NC(=O)c2ccccc2)c1,12800.0
CHEMBL3087553,Cc1ccc(NC(=S)NC(=O)c2ccccc2)cc1,6230.0
CHEMBL3087552,Cc1cccc(NC(=S)NC(=O)c2ccccc2)c1C,3170.0
CHEMBL3087551,O=C(NC(=S)Nc1cccc(C(F)(F)F)c1)c1ccccc1,39600.0
CHEMBL3087550,O=C(NC(=S)Nc1c(Cl)c(Cl)cc(Cl)c1Cl)c1ccccc1,74910.0
CHEMBL1974674,O=C(NC(=S)Nc1c(Cl)cc(Cl)cc1Cl)c1ccccc1,1670.0
CHEMBL3087549,O=C(NC(=S)Nc1cc(Cl)cc(Cl)c1)c1ccccc1,18400.0
CHEMBL3087548,O=C(NC(=S)Nc1ccc(Cl)c(Cl)c1)c1ccccc1,5510.0
CHEMBL3087547,O=C(NC(=S)Nc1c(Cl)cccc1Cl)c1ccccc1,4270.0
CHEMBL2236349,O=C(NC(=S)Nc1cc(Cl)ccc1Cl)c1ccccc1,4540.0
CHEMBL3087546,O=C(NC(=S)Nc1ccc(Cl)cc1Cl)c1ccccc1,13200.0
CHEMBL3087545,O=C(NC(=S)Nc1cccc(Cl)c1Cl)c1ccccc1,32200.0
CHEMBL1450561,O=C(NC(=S)Nc1ccc(Cl)cc1)c1ccccc1,35280.0
CHEMBL3087544,O=C(NC(=S)Nc1cccc(Cl)c1)c1ccccc1,27320.0
CHEMBL3087543,O=C(NC(=S)Nc1ccccc1Cl)c1ccccc1,41200.0
CHEMBL1834362,O=C(NC(=S)Nc1ccccc1)c1ccccc1,14100.0
CHEMBL1872118,S=C(NCc1ccncc1)Nc1ccccc1,32600.0
CHEMBL2391569,S=C(NCc1cccnc1)Nc1ccccc1,33500.0
CHEMBL3120556,Cc1nc(NC(=S)Nc2ccccc2)ccc1Br,82700.0
CHEMBL1558086,S=C(NCc1ccco1)Nc1ccccc1,32360.0
CHEMBL3120555,S=C(Nc1ccccc1)Nc1ncc(Cl)cc1Cl,37030.0
CHEMBL3120554,Cc1cccnc1NC(=S)Nc1ccccc1,25300.0
CHEMBL3120553,S=C(Nc1ccccc1)Nc1ccncc1,43930.0
CHEMBL3120552,S=C(Nc1ccccc1)Nc1cccnc1,8430.0
CHEMBL1971338,S=C(Nc1ccccc1)Nc1ccccn1,23360.0
CHEMBL1334348,COc1ccc(OC)c(NC(S)=Nc2ccccc2)c1,29930.0
CHEMBL3120551,Fc1ccc(NC(=S)Nc2ccccc2)c(F)c1,24300.0
CHEMBL1576403,S=C(Nc1ccccc1)Nc1cccc(Br)c1,18300.0
CHEMBL1304942,S=C(Nc1ccccc1)Nc1ccc(Br)cc1,34260.0
CHEMBL1436412,S=C(Nc1cccnc1)Nc1cccc(Cl)c1,24460.0
CHEMBL1500153,S=C(NCc1cccnc1)Nc1cccc(Cl)c1,23030.0
CHEMBL1400695,S=C(NCc1ccncc1)Nc1cccc(Cl)c1,22700.0
CHEMBL3120549,Cc1cccnc1NC(=S)Nc1cccc(Cl)c1,15900.0
CHEMBL3120548,Cc1ccc(NC(=S)Nc2cccc(Cl)c2)cc1,18600.0
CHEMBL3120574,Cc1cccc(NC(=S)Nc2cccc(Cl)c2)c1,15030.0
CHEMBL3120573,Cc1ccccc1NC(=S)Nc1cccc(Cl)c1,34400.0
CHEMBL3120572,Fc1ccc(NC(=S)Nc2cccc(Cl)c2)cc1F,16300.0
CHEMBL1544729,Fc1ccc(NC(S)=Nc2cccc(Cl)c2)cc1,19100.0
CHEMBL3120571,Cc1ccc(Cl)cc1NC(=S)Nc1cccc(Cl)c1,20100.0
CHEMBL3120570,S=C(Nc1cccc(Cl)c1)Nc1ccc(Cl)c(Cl)c1,11030.0
CHEMBL3120569,S=C(Nc1cccc(Cl)c1)Nc1ccc(Cl)cc1Cl,42200.0
CHEMBL3120568,S=C(Nc1cccc(Cl)c1)Nc1cccc(Cl)c1Cl,27100.0
CHEMBL3120567,S=C(Nc1cccc(Cl)c1)Nc1c(Cl)cccc1Cl,40960.0
CHEMBL3120566,Cc1ccc(C)c(NC(=S)Nc2cccc(Cl)c2)c1,20900.0
CHEMBL3120565,Cc1cccc(C)c1NC(=S)Nc1cccc(Cl)c1,27400.0
CHEMBL3120564,Cc1ccc(NC(=S)Nc2cccc(Cl)c2)c(C)c1,24100.0
CHEMBL3120563,COc1ccc(NC(=S)Nc2cccc(Cl)c2)cc1,29560.0
CHEMBL3120562,COc1cccc(NC(=S)Nc2cccc(Cl)c2)c1,24460.0
CHEMBL3120561,COc1ccccc1NC(=S)Nc1cccc(Cl)c1,20060.0
CHEMBL3120560,S=C(Nc1ccc(Cl)cc1)Nc1cccc(Cl)c1,20330.0
CHEMBL3120559,S=C(Nc1cccc(Cl)c1)Nc1ccccc1Cl,22200.0
CHEMBL3120558,S=C(Nc1cccc(Cl)c1)Nc1cccc(Cl)c1,20000.0
CHEMBL3344256,CC(C)[C@H](NC(=O)CNC(=O)OC(C)(C)C)C(=O)NCC(=O)N[C@H](C(=O)N1CCC[C@H]1C(=O)N1CCN(c2nsc3ccccc23)CC1)C(C)C,295000.0
CHEMBL3344257,CC(C)[C@H](NC(=O)CNC(=O)[C@H](Cc1ccccc1)NC(=O)CNC(=O)OC(C)(C)C)C(=O)N1CCC[C@H]1C(=O)N1CCN(c2nsc3ccccc23)CC1,255000.0
CHEMBL3344258,CC(C)[C@H](NC(=O)CNC(=O)Nc1ccccc1F)C(=O)NCC(=O)N[C@H](C(=O)N1CCC[C@H]1C(=O)N1CCN(c2nsc3ccccc23)CC1)C(C)C,42000.0
CHEMBL3344246,CC(C)[C@H](NC(=O)CNC(=S)Nc1ccccc1F)C(=O)NCC(=O)N[C@H](C(=O)N1CCC[C@H]1C(=O)N1CCN(c2nsc3ccccc23)CC1)C(C)C,40000.0
CHEMBL3344247,CC(C)[C@H](NC(=O)CNC(=O)Nc1cccc(F)c1)C(=O)NCC(=O)N[C@H](C(=O)N1CCC[C@H]1C(=O)N1CCN(c2nsc3ccccc23)CC1)C(C)C,44000.0
CHEMBL3344248,CC(C)[C@H](NC(=O)CNC(=O)Nc1ccc(F)cc1)C(=O)NCC(=O)N[C@H](C(=O)N1CCC[C@H]1C(=O)N1CCN(c2nsc3ccccc23)CC1)C(C)C,39000.0
CHEMBL3344249,CC(C)[C@H](NC(=O)CNC(=S)Nc1ccc(F)cc1)C(=O)NCC(=O)N[C@H](C(=O)N1CCC[C@H]1C(=O)N1CCN(c2nsc3ccccc23)CC1)C(C)C,35000.0
CHEMBL3344250,COc1ccccc1NC(=O)NCC(=O)N[C@H](C(=O)NCC(=O)N[C@H](C(=O)N1CCC[C@H]1C(=O)N1CCN(c2nsc3ccccc23)CC1)C(C)C)C(C)C,22000.0
CHEMBL3344251,COc1ccccc1NC(=S)NCC(=O)N[C@H](C(=O)NCC(=O)N[C@H](C(=O)N1CCC[C@H]1C(=O)N1CCN(c2nsc3ccccc23)CC1)C(C)C)C(C)C,20000.0
CHEMBL3344252,COc1cccc(NC(=O)NCC(=O)N[C@H](C(=O)NCC(=O)N[C@H](C(=O)N2CCC[C@H]2C(=O)N2CCN(c3nsc4ccccc34)CC2)C(C)C)C(C)C)c1,25000.0
CHEMBL3344253,COc1cccc(NC(=S)NCC(=O)N[C@H](C(=O)NCC(=O)N[C@H](C(=O)N2CCC[C@H]2C(=O)N2CCN(c3nsc4ccccc34)CC2)C(C)C)C(C)C)c1,23000.0
CHEMBL3344254,COc1ccc(NC(=O)NCC(=O)N[C@H](C(=O)NCC(=O)N[C@H](C(=O)N2CCC[C@H]2C(=O)N2CCN(c3nsc4ccccc34)CC2)C(C)C)C(C)C)cc1,21000.0
CHEMBL3344255,COc1ccc(NC(=S)NCC(=O)N[C@H](C(=O)NCC(=O)N[C@H](C(=O)N2CCC[C@H]2C(=O)N2CCN(c3nsc4ccccc34)CC2)C(C)C)C(C)C)cc1,18000.0
CHEMBL3344245,CC(C)[C@H](NC(=O)CNC(=O)[C@H](Cc1ccccc1)NC(=O)CNC(=O)Nc1ccccc1F)C(=O)N1CCC[C@H]1C(=O)N1CCN(c2nsc3ccccc23)CC1,41000.0
CHEMBL3344259,CC(C)[C@H](NC(=O)CNC(=O)[C@H](Cc1ccccc1)NC(=O)CNC(=S)Nc1ccccc1F)C(=O)N1CCC[C@H]1C(=O)N1CCN(c2nsc3ccccc23)CC1,38000.0
CHEMBL3344260,CC(C)[C@H](NC(=O)CNC(=O)[C@H](Cc1ccccc1)NC(=O)CNC(=O)Nc1cccc(F)c1)C(=O)N1CCC[C@H]1C(=O)N1CCN(c2nsc3ccccc23)CC1,43000.0
CHEMBL3344288,CC(C)[C@H](NC(=O)CNC(=O)[C@H](Cc1ccccc1)NC(=O)CNC(=O)Nc1ccc(F)cc1)C(=O)N1CCC[C@H]1C(=O)N1CCN(c2nsc3ccccc23)CC1,35000.0
CHEMBL3344289,CC(C)[C@H](NC(=O)CNC(=O)[C@H](Cc1ccccc1)NC(=O)CNC(=S)Nc1ccc(F)cc1)C(=O)N1CCC[C@H]1C(=O)N1CCN(c2nsc3ccccc23)CC1,33000.0
CHEMBL3344290,COc1ccccc1NC(=O)NCC(=O)N[C@@H](Cc1ccccc1)C(=O)NCC(=O)N[C@H](C(=O)N1CCC[C@H]1C(=O)N1CCN(c2nsc3ccccc23)CC1)C(C)C,21000.0
CHEMBL3344291,COc1ccccc1NC(=S)NCC(=O)N[C@@H](Cc1ccccc1)C(=O)NCC(=O)N[C@H](C(=O)N1CCC[C@H]1C(=O)N1CCN(c2nsc3ccccc23)CC1)C(C)C,18000.0
CHEMBL3344292,COc1cccc(NC(=O)NCC(=O)N[C@@H](Cc2ccccc2)C(=O)NCC(=O)N[C@H](C(=O)N2CCC[C@H]2C(=O)N2CCN(c3nsc4ccccc34)CC2)C(C)C)c1,23000.0
CHEMBL3344293,COc1cccc(NC(=S)NCC(=O)N[C@@H](Cc2ccccc2)C(=O)NCC(=O)N[C@H](C(=O)N2CCC[C@H]2C(=O)N2CCN(c3nsc4ccccc34)CC2)C(C)C)c1,19000.0
CHEMBL3344294,COc1ccc(NC(=O)NCC(=O)N[C@@H](Cc2ccccc2)C(=O)NCC(=O)N[C@H](C(=O)N2CCC[C@H]2C(=O)N2CCN(c3nsc4ccccc34)CC2)C(C)C)cc1,17000.0
CHEMBL3344295,COc1ccc(NC(=S)NCC(=O)N[C@@H](Cc2ccccc2)C(=O)NCC(=O)N[C@H](C(=O)N2CCC[C@H]2C(=O)N2CCN(c3nsc4ccccc34)CC2)C(C)C)cc1,15000.0
CHEMBL3600575,O=C1Nc2ccc(Cl)cc2/C1=C\c1ccc(C(=O)N/N=C/c2c(O)cc(O)cc2O)cc1,13000.0
CHEMBL3600652,Cc1ccc(/C=N/NC(=O)c2ccc(/C=C3/C(=O)Nc4ccc(Cl)cc43)cc2)cc1,49100.0
CHEMBL3600650,O=C1Nc2ccc(Cl)cc2/C1=C\c1ccc(C(=O)N/N=C/c2cccc([N+](=O)[O-])c2)cc1,148500.0
CHEMBL3600649,O=C1Nc2ccc(Cl)cc2/C1=C\c1ccc(C(=O)N/N=C/c2ccc([N+](=O)[O-])cc2)cc1,92400.0
CHEMBL3600648,COc1ccc(O)c(/C=N/NC(=O)c2ccc(/C=C3/C(=O)Nc4ccc(Cl)cc43)cc2)c1,82000.0
CHEMBL3600647,COc1ccc(/C=N/NC(=O)c2ccc(/C=C3/C(=O)Nc4ccc(Cl)cc43)cc2)c(O)c1,145100.0
CHEMBL3600646,C/C(=N\NC(=O)c1ccc(/C=C2/C(=O)Nc3ccc(Cl)cc32)cc1)c1ccccc1O,71800.0
CHEMBL3600645,O=C1Nc2ccc(Cl)cc2/C1=C\c1ccc(C(=O)N/N=C/c2ccc(Cl)cc2)cc1,110500.0
CHEMBL3600644,COc1ccc(/C=N/NC(=O)c2ccc(/C=C3/C(=O)Nc4ccc(Cl)cc43)cc2)cc1,143600.0
CHEMBL3600643,O=C1Nc2ccc(Cl)cc2/C1=C\c1ccc(C(=O)N/N=C/c2ccccc2O)cc1,119800.0
CHEMBL3600642,O=C1Nc2ccc(Cl)cc2/C1=C\c1ccc(C(=O)N/N=C/c2ccc(O)cc2)cc1,84800.0
CHEMBL3600583,O=C1Nc2ccc(Cl)cc2/C1=C\c1ccc(C(=O)N/N=C/c2cccc(O)c2)cc1,102300.0
CHEMBL3600582,O=C1Nc2ccc(Cl)cc2/C1=C\c1ccc(C(=O)N/N=C/c2cccc(O)c2O)cc1,109400.0
CHEMBL3600581,O=C1Nc2ccc(Cl)cc2/C1=C\c1ccc(C(=O)N/N=C/c2cc(O)cc(O)c2)cc1,19200.0
CHEMBL3600580,O=C1Nc2ccc(Cl)cc2/C1=C\c1ccc(C(=O)N/N=C/c2ccc(O)c(O)c2)cc1,70800.0
CHEMBL3600579,O=C1Nc2ccc(Cl)cc2/C1=C\c1ccc(C(=O)N/N=C/c2cc(O)c(O)cc2O)cc1,125500.0
CHEMBL3600578,O=C1Nc2ccc(Cl)cc2/C1=C\c1ccc(C(=O)N/N=C/c2cc(O)ccc2O)cc1,53200.0
CHEMBL3600577,O=C1Nc2ccc(Cl)cc2/C1=C\c1ccc(C(=O)N/N=C/c2ccc(O)cc2O)cc1,42900.0
CHEMBL3600576,C/C(=N\NC(=O)c1ccc(/C=C2/C(=O)Nc3ccc(Cl)cc32)cc1)c1c(O)cc(O)cc1O,35400.0
CHEMBL3601773,O=C1NC(=S)NC(=O)C1=CNc1ccccc1S,15000.0
CHEMBL3601772,O=C1NC(=S)NC(=O)C1=CNc1ccccc1O,19700.0
CHEMBL3601771,O=C1NC(=S)NC(=O)C1=CNc1ccc(I)cc1,41330.0
CHEMBL3601770,O=C1NC(=S)NC(=O)C1=CNc1cc(Cl)cc(Cl)c1,89160.0
CHEMBL3601769,O=C1NC(=S)NC(=O)C1=CNc1cc([N+](=O)[O-])ccc1C(F)(F)F,28700.0
CHEMBL3601768,O=C1NC(=S)NC(=O)C1=CNc1ccc(C(F)(F)F)cc1,136400.0
CHEMBL3601767,O=C1NC(=S)NC(=O)C1=CNc1cccc(C(F)(F)F)c1,24560.0
CHEMBL3601766,O=C1NC(=S)NC(=O)C1=CNc1ccccc1C(F)(F)F,65300.0
CHEMBL3601765,O=C1NC(=O)C(=CNc2ccccc2S)C(=O)N1,52600.0
CHEMBL3601764,O=C1NC(=S)NC(=O)C1=CNc1cc(C(=O)O)ccc1Cl,26660.0
CHEMBL3601763,O=C1NC(=S)NC(=O)C1=CNc1ccc([N+](=O)[O-])c(C(=O)O)c1,39760.0
CHEMBL3601762,O=C1NC(=S)NC(=O)C1=CNc1cc(C(=O)O)ccc1O,18900.0
CHEMBL3601761,O=C1NC(=S)NC(=O)C1=CNc1cc([N+](=O)[O-])ccc1C(=O)O,8530.0
CHEMBL3601760,O=C1NC(=S)NC(=O)C1=CNc1ccc(C(=O)O)c(O)c1,32300.0
CHEMBL3601759,O=C1NC(=S)NC(=O)C1=CNc1ccc(C(=O)O)cc1,8930.0
CHEMBL3601758,O=C1NC(=S)NC(=O)C1=CNc1cccc(C(=O)O)c1,21830.0
CHEMBL3601757,O=C1NC(=S)NC(=O)C1=CNc1ccccc1C(=O)O,12960.0
CHEMBL3601756,O=C1NC(=O)C(=CNc2ccc([N+](=O)[O-])c(C(=O)O)c2)C(=O)N1,25800.0
CHEMBL3601372,O=C1NC(=O)C(=CNc2ccc(C(=O)O)c(O)c2)C(=O)N1,88300.0
CHEMBL3622694,FC(F)(F)c1ccc(-c2[nH]c3ccccc3c2-c2nc(-c3ccccc3)c(-c3ccccc3)n2-c2ccc(Cl)cc2)cc1,4750.0
CHEMBL3622693,Fc1ccc(-n2c(-c3c(-c4ccc(C(F)(F)F)cc4)[nH]c4ccccc34)nc(-c3ccccc3)c2-c2ccccc2)cc1,160.0
CHEMBL3622691,Cc1ccc(-n2c(-c3c(-c4ccc(C(F)(F)F)cc4)[nH]c4ccccc34)nc(-c3ccccc3)c2-c2ccccc2)cc1,120.0
CHEMBL3622690,COc1ccc(-n2c(-c3c(-c4ccc(Br)cc4)[nH]c4ccccc34)nc(-c3ccccc3)c2-c2ccccc2)cc1,29120.0
CHEMBL3622689,Fc1ccc(-n2c(-c3c(-c4ccc(Br)cc4)[nH]c4ccccc34)nc(-c3ccccc3)c2-c2ccccc2)cc1,12130.0
CHEMBL3622688,Brc1ccc(-c2[nH]c3ccccc3c2-c2nc(-c3ccccc3)c(-c3ccccc3)n2-c2ccc(Br)cc2)cc1,11350.0
CHEMBL3622687,Brc1ccc(-c2[nH]c3ccccc3c2-c2nc(-c3ccccc3)c(-c3ccccc3)n2-c2ccccc2)cc1,4810.0
CHEMBL3622686,Clc1ccc(-c2[nH]c3ccccc3c2-c2nc(-c3ccccc3)c(-c3ccccc3)n2-c2ccccc2)cc1,370.0
CHEMBL3622685,Fc1ccc(-n2c(-c3c(-c4ccc(Cl)cc4)[nH]c4ccccc34)nc(-c3ccccc3)c2-c2ccccc2)cc1,440.0
CHEMBL3622682,COc1ccc(-n2c(-c3c(-c4ccccc4)[nH]c4ccc(Br)cc34)nc(-c3ccccc3)c2-c2ccccc2)cc1,4620.0
CHEMBL3622681,Clc1ccc(-n2c(-c3c(-c4ccccc4)[nH]c4ccc(Br)cc34)nc(-c3ccccc3)c2-c2ccccc2)cc1,4660.0
CHEMBL3622680,Brc1ccc(-n2c(-c3c(-c4ccccc4)[nH]c4ccc(Br)cc34)nc(-c3ccccc3)c2-c2ccccc2)cc1,150.0
CHEMBL3629551,S=C(Nc1ccccc1)Nc1ccccc1SSc1ccccc1NC(=S)Nc1ccccc1,15140.0
CHEMBL3629550,S=C(Nc1ccccc1SSc1ccccc1NC(=S)NC12CC3CC(CC(C3)C1)C2)NC12CC3CC(CC(C3)C1)C2,17600.0
CHEMBL3629549,S=C(Nc1ccc(Cl)cc1)Nc1ccccc1SSc1ccccc1NC(=S)Nc1ccc(Cl)cc1,1600.0
CHEMBL3629548,Cc1ccccc1NC(=S)Nc1ccccc1SSc1ccccc1NC(=S)Nc1ccccc1C,1100.0
CHEMBL3629547,S=C(Nc1ccccc1Br)Nc1ccccc1SSc1ccccc1NC(=S)Nc1ccccc1Br,18600.0
CHEMBL3629546,COc1ccccc1NC(=S)Nc1ccccc1SSc1ccccc1NC(=S)Nc1ccccc1OC,1700.0
CHEMBL3629545,Fc1ccccc1NC(=S)Nc1ccccc1SSc1ccccc1NC(=S)Nc1ccccc1F,700.0
CHEMBL3629544,S=C(Nc1ccccc1Cl)Nc1ccccc1SSc1ccccc1NC(=S)Nc1ccccc1Cl,3400.0
CHEMBL3629543,S=C(Nc1ccc(Cl)c(Cl)c1)Nc1ccccc1SSc1ccccc1NC(=S)Nc1ccc(Cl)c(Cl)c1,3200.0
CHEMBL3629081,O=[N+]([O-])c1cccc(NC(=S)Nc2ccccc2SSc2ccccc2NC(=S)Nc2cccc([N+](=O)[O-])c2)c1,12300.0
CHEMBL3629080,COc1cccc(NC(=S)Nc2ccccc2SSc2ccccc2NC(=S)Nc2cccc(OC)c2)c1,14600.0
CHEMBL3629079,S=C(Nc1cccc(Br)c1)Nc1ccccc1SSc1ccccc1NC(=S)Nc1cccc(Br)c1,10300.0
CHEMBL3629078,Fc1cccc(NC(=S)Nc2ccccc2SSc2ccccc2NC(=S)Nc2cccc(F)c2)c1,1500.0
CHEMBL3629077,Cc1cccc(NC(=S)Nc2ccccc2SSc2ccccc2NC(=S)Nc2cccc(C)c2)c1,3700.0
CHEMBL3629076,FC(F)(F)c1ccc(NC(=S)Nc2ccccc2SSc2ccccc2NC(=S)Nc2ccc(C(F)(F)F)cc2)cc1,1500.0
CHEMBL3629075,O=[N+]([O-])c1ccc(NC(=S)Nc2ccccc2SSc2ccccc2NC(=S)Nc2ccc([N+](=O)[O-])cc2)cc1,6400.0
CHEMBL3629074,COc1ccc(NC(=S)Nc2ccccc2SSc2ccccc2NC(=S)Nc2ccc(OC)cc2)cc1,4200.0
CHEMBL3629073,S=C(Nc1ccc(Br)cc1)Nc1ccccc1SSc1ccccc1NC(=S)Nc1ccc(Br)cc1,4300.0
CHEMBL3629072,Fc1ccc(NC(=S)Nc2ccccc2SSc2ccccc2NC(=S)Nc2ccc(F)cc2)cc1,400.0
CHEMBL3629071,Cc1ccc(NC(=S)Nc2ccccc2SSc2ccccc2NC(=S)Nc2ccc(C)cc2)cc1,1400.0
CHEMBL3818166,Cc1ccc(/N=C2\C(=O)Nc3ccc([N+](=O)[O-])cc32)cc1/N=C1\C(=O)Nc2ccc([N+](=O)[O-])cc21,5860.0
CHEMBL3818613,Cc1ccc(/N=C2\C(=O)Nc3ccc(S(=O)(=O)O)cc32)cc1/N=C1\C(=O)Nc2ccc(S(=O)(=O)O)cc21,25200.0
CHEMBL3818885,Cc1ccc2c(c1)/C(=N/c1ccc(C)c(/N=C3\C(=O)Nc4ccc(C)cc43)c1)C(=O)N2,340.0
CHEMBL3818010,Cc1ccc(/N=C2\C(=O)Nc3ccc(Cl)cc32)cc1/N=C1\C(=O)Nc2ccc(Cl)cc21,110.0
CHEMBL3819266,Cc1ccc(/N=C2\C(=O)Nc3ccc(F)cc32)cc1/N=C1\C(=O)Nc2ccc(F)cc21,1650.0
CHEMBL3818469,Cc1ccc(/N=C2\C(=O)Nc3ccc(Br)cc32)cc1/N=C1\C(=O)Nc2ccc(Br)cc21,40.0
CHEMBL3818201,Cc1ccc(/N=C2\C(=O)Nc3ccccc32)cc1/N=C1\C(=O)Nc2ccccc21,1150.0
CHEMBL3827899,O=C(NC(=S)Nc1ccccc1)c1cccc(Cl)c1,3240.0
CHEMBL3827717,O=C(NC(=S)Nc1ccc(Cl)cc1)c1cccc(Cl)c1,11700.0
CHEMBL3827501,O=C(NC(=S)Nc1cccc(Cl)c1Cl)c1cccc(Cl)c1,1920.0
CHEMBL3827593,O=C(NC(=S)Nc1ccc(Cl)cc1Cl)c1cccc(Cl)c1,1340.0
CHEMBL3828544,O=C(NC(=S)Nc1cc(Cl)ccc1Cl)c1cccc(Cl)c1,9720.0
CHEMBL3827068,O=C(NC(=S)Nc1c(Cl)cccc1Cl)c1cccc(Cl)c1,5380.0
CHEMBL3828387,O=C(NC(=S)Nc1cc(Cl)cc(Cl)c1)c1cccc(Cl)c1,6530.0
CHEMBL3828309,O=C(NC(=S)Nc1cc(Cl)c(Cl)cc1Cl)c1cccc(Cl)c1,7410.0
CHEMBL3828346,O=C(NC(=S)Nc1c(Cl)cc(Cl)cc1Cl)c1cccc(Cl)c1,3640.0
CHEMBL3827287,Cc1ccc(NC(=S)NC(=O)c2cccc(Cl)c2)cc1,12400.0
CHEMBL3827344,Cc1cccc(NC(=S)NC(=O)c2cccc(Cl)c2)c1C,4450.0
CHEMBL3827984,Cc1cc(C)c(NC(=S)NC(=O)c2cccc(Cl)c2)c(C)c1,1230.0
CHEMBL3827087,O=C(NC(=S)Nc1cccc(Br)c1)c1cccc(Cl)c1,20100.0
CHEMBL3827052,O=C(NC(=S)Nc1ccc(Br)cc1Br)c1cccc(Cl)c1,6320.0
CHEMBL3827835,O=C(NC(=S)Nc1ccccc1[N+](=O)[O-])c1cccc(Cl)c1,8590.0
CHEMBL3827414,COc1ccccc1NC(=S)NC(=O)c1cccc(Cl)c1,3790.0
CHEMBL3827341,O=C(NC(=S)Nc1ccccc1C(F)(F)F)c1cccc(Cl)c1,5580.0
CHEMBL3828756,O=C(NC(=S)Nc1cccc(C(F)(F)F)c1)c1cccc(Cl)c1,2860.0
CHEMBL3828020,O=C(NC(=S)Nc1ccc(C(F)(F)F)cc1)c1cccc(Cl)c1,7040.0
CHEMBL3828203,CCc1cccc(CC)c1NC(=S)NC(=O)c1cccc(Cl)c1,12600.0
CHEMBL3827183,O=C(NC(=S)Nc1ccc(F)cc1)c1cccc(Cl)c1,2910.0
CHEMBL3827841,CN(C(=S)NC(=O)c1cccc(Cl)c1)c1ccccc1,17500.0
CHEMBL1448267,O=C(NC(=S)NCc1ccccc1)c1cccc(Cl)c1,16400.0
CHEMBL3828702,O=C(NC(=S)NC1CCCCC1)c1cccc(Cl)c1,14300.0
CHEMBL3828565,O=C(NC(=S)Nc1ncccn1)c1cccc(Cl)c1,2110.0
CHEMBL3910709,C1=Cc2ccc3cc(/C=N/c4nc(-c5ccccc5)cs4)cc4c3c2C(=CC4)C1,2800.0
CHEMBL3931317,C(=N/c1nc(-c2ccccc2)cs1)\c1c[nH]c2ccccc12,8560.0
CHEMBL3967634,CCOc1cccc(/C=N/c2nc(-c3ccccc3)cs2)c1O,7900.0
CHEMBL3895168,CCOc1ccc(/C=N/c2nc(-c3ccccc3)cs2)cc1,11160.0
CHEMBL3923141,C(=N/c1nc(-c2ccccc2)cs1)\c1ccncc1,7600.0
CHEMBL3899427,COc1cccc(/C=N/c2nc(-c3ccccc3)cs2)c1O,8800.0
CHEMBL3970599,C(=N/c1nc(-c2ccccc2)cs1)\c1ccc2ccccc2c1,9330.0
CHEMBL3908478,Oc1ccc(Cl)cc1/C=N/c1nc(-c2ccccc2)cs1,8130.0
CHEMBL3949937,CC(C)c1ccc(/C=N/c2nc(-c3ccccc3)cs2)cc1,14500.0
CHEMBL3913173,Cc1ccc(/C=N/c2nc(-c3ccccc3)cs2)o1,17830.0
CHEMBL329507,O=[N+]([O-])c1ccc(/C=N/c2nc(-c3ccccc3)cs2)cc1,32500.0
CHEMBL3916754,Oc1ccc(/C=N/c2nc(-c3ccccc3)cs2)cc1,20160.0
CHEMBL3896410,COc1ccc(/C=N/c2nc(-c3ccccc3)cs2)cc1,22330.0
CHEMBL3891684,CN(C)c1ccc(/C=N/c2nc(-c3ccccc3)cs2)cc1,20360.0
CHEMBL3891706,CC/C=N/c1nc(-c2ccccc2)cs1,20430.0
CHEMBL3960696,Oc1ccccc1/C=N/c1nc(-c2ccccc2)cs1,12430.0
CHEMBL3975502,COc1ccc(/C=C/C=N/c2nc(-c3ccccc3)cs2)cc1,36660.0
CHEMBL3908791,CSc1ccc(/C=N/c2nc(-c3ccccc3)cs2)cc1,6960.0
CHEMBL95373,C(=N/c1nc(-c2ccccc2)cs1)\c1ccccc1,16760.0
CHEMBL3892224,Clc1ccccc1/C=N/c1nc(-c2ccccc2)cs1,13030.0
CHEMBL3950151,C(=N/c1nc(-c2ccccc2)cs1)\c1cccc2ccccc12,23060.0
CHEMBL3963643,Fc1ccccc1/C=N/c1nc(-c2ccccc2)cs1,17930.0
CHEMBL3917674,Oc1cccc(/C=N/c2nc(-c3ccccc3)cs2)c1O,19630.0
CHEMBL3890494,COc1ccc(/C=N/c2nc(-c3ccccc3)cs2)cc1OC,11300.0
CHEMBL3968055,Clc1cccc(Cl)c1/C=N/c1nc(-c2ccccc2)cs1,22330.0
CHEMBL3893425,Clc1ccc(/C=N/c2nc(-c3ccccc3)cs2)cc1,19000.0
CHEMBL3976030,COCc1c(/C=N/c2nc(-c3ccccc3)cs2)ccc(OC)c1OC,24560.0
CHEMBL3893677,O=[N+]([O-])c1cccc(/C=N/c2nc(-c3ccccc3)cs2)c1,10500.0
CHEMBL4070510,Clc1cc2nc(C3CC3)[nH]c2cc1Cl,170.0
CHEMBL4083652,COC(=O)Cn1c(C2CC2)nc2cc(Cl)c(Cl)cc21,1120.0
CHEMBL4061886,NNC(=O)Cn1c(C2CC2)nc2cc(Cl)c(Cl)cc21,1920.0
CHEMBL4073245,Sc1nnc(Cn2c(C3CC3)nc3cc(Cl)c(Cl)cc32)o1,1340.0
CHEMBL4100084,CNC(=S)NNC(=O)Cn1c(C2CC2)nc2cc(Cl)c(Cl)cc21,50.0
CHEMBL4085244,CCNC(=S)NNC(=O)Cn1c(C2CC2)nc2cc(Cl)c(Cl)cc21,280.0
CHEMBL4103174,Cn1c(S)nnc1Cn1c(C2CC2)nc2cc(Cl)c(Cl)cc21,170.0
CHEMBL4074987,CCn1c(S)nnc1Cn1c(C2CC2)nc2cc(Cl)c(Cl)cc21,380.0
CHEMBL4095419,O=C(Cn1c(C2CC2)nc2cc(Cl)c(Cl)cc21)N/N=C/c1ccccc1,2070.0
CHEMBL4100705,O=C(Cn1c(C2CC2)nc2cc(Cl)c(Cl)cc21)N/N=C/c1ccc(Cl)cc1,290.0
CHEMBL4073930,CN(C)c1ccc(/C=N/NC(=O)Cn2c(C3CC3)nc3cc(Cl)c(Cl)cc32)cc1,1490.0
CHEMBL4092986,O=C(Cn1c(C2CC2)nc2cc(Cl)c(Cl)cc21)N/N=C/c1ccc(F)c(Br)c1,60.0
CHEMBL4092021,O=C(Cn1c(C2CC2)nc2cc(Cl)c(Cl)cc21)N/N=C/c1cc(Cl)ccc1O,150.0
CHEMBL4071196,O=C(Cn1c(C2CC2)nc2cc(Cl)c(Cl)cc21)N/N=C/c1cc(Br)ccc1O,140.0
CHEMBL4065321,O=C(Cn1c(C2CC2)nc2cc(Cl)c(Cl)cc21)N/N=C/c1ccccc1O,220.0
CHEMBL4202962,Cc1ccc(C(c2c[nH]c3ccc(C(=O)NNC(=S)Nc4ccccc4F)cc23)c2c[nH]c3ccc(C(=O)NNC(=S)Nc4ccccc4F)cc23)cc1,800.0
CHEMBL4213332,Cc1ccc(C(c2c[nH]c3ccc(C(=O)NNC(=S)Nc4ccccc4Br)cc23)c2c[nH]c3ccc(C(=O)NNC(=S)Nc4ccccc4Br)cc23)cc1,2500.0
CHEMBL4210263,Cc1ccc(C(c2c[nH]c3ccc(C(=O)NNC(=S)Nc4cccc(Br)c4)cc23)c2c[nH]c3ccc(C(=O)NNC(=S)Nc4cccc(Br)c4)cc23)cc1,1800.0
CHEMBL4205363,Cc1ccc(C(c2c[nH]c3ccc(C(=O)NNC(=S)Nc4ccc(Br)cc4)cc23)c2c[nH]c3ccc(C(=O)NNC(=S)Nc4ccc(Br)cc4)cc23)cc1,1300.0
CHEMBL4214144,Cc1ccc(C(c2c[nH]c3ccc(C(=O)NNC(=S)Nc4cccc(F)c4)cc23)c2c[nH]c3ccc(C(=O)NNC(=S)Nc4cccc(F)c4)cc23)cc1,980.0
CHEMBL4202456,Cc1ccc(C(c2c[nH]c3ccc(C(=O)NNC(=S)Nc4ccc(F)cc4)cc23)c2c[nH]c3ccc(C(=O)NNC(=S)Nc4ccc(F)cc4)cc23)cc1,1100.0
CHEMBL4216656,Cc1ccc(C(c2c[nH]c3ccc(C(=O)NNC(=S)Nc4ccccc4Cl)cc23)c2c[nH]c3ccc(C(=O)NNC(=S)Nc4ccccc4Cl)cc23)cc1,1200.0
CHEMBL4217720,Cc1ccc(C(c2c[nH]c3ccc(C(=O)NNC(=S)Nc4ccc(Cl)cc4)cc23)c2c[nH]c3ccc(C(=O)NNC(=S)Nc4ccc(Cl)cc4)cc23)cc1,2750.0
CHEMBL4208211,Cc1ccc(C(c2c[nH]c3ccc(C(=O)NNC(=S)Nc4ccc(Cl)c(Cl)c4)cc23)c2c[nH]c3ccc(C(=O)NNC(=S)Nc4ccc(Cl)c(Cl)c4)cc23)cc1,140.0
CHEMBL4203333,Cc1ccc(C(c2c[nH]c3ccc(C(=O)NNC(=S)Nc4ccccc4C)cc23)c2c[nH]c3ccc(C(=O)NNC(=S)Nc4ccccc4C)cc23)cc1,3300.0
CHEMBL4218470,Cc1ccc(C(c2c[nH]c3ccc(C(=O)NNC(=S)Nc4cccc(C)c4)cc23)c2c[nH]c3ccc(C(=O)NNC(=S)Nc4cccc(C)c4)cc23)cc1,5100.0
CHEMBL4214719,Cc1ccc(NC(=S)NNC(=O)c2ccc3[nH]cc(C(c4ccc(C)cc4)c4c[nH]c5ccc(C(=O)NNC(=S)Nc6ccc(C)cc6)cc45)c3c2)cc1,4200.0
CHEMBL4216067,COc1ccccc1NC(=S)NNC(=O)c1ccc2[nH]cc(C(c3ccc(C)cc3)c3c[nH]c4ccc(C(=O)NNC(=S)Nc5ccccc5OC)cc34)c2c1,8400.0
CHEMBL4211100,COc1cccc(NC(=S)NNC(=O)c2ccc3[nH]cc(C(c4ccc(C)cc4)c4c[nH]c5ccc(C(=O)NNC(=S)Nc6cccc(OC)c6)cc45)c3c2)c1,12100.0
CHEMBL4208151,Cc1ccc(C(c2c[nH]c3ccc(C(=O)NNC(=S)Nc4cccc([N+](=O)[O-])c4)cc23)c2c[nH]c3ccc(C(=O)NNC(=S)Nc4cccc([N+](=O)[O-])c4)cc23)cc1,7600.0
CHEMBL4214615,Cc1ccc(C(c2c[nH]c3ccc(C(=O)NNC(=S)Nc4ccc([N+](=O)[O-])cc4)cc23)c2c[nH]c3ccc(C(=O)NNC(=S)Nc4ccc([N+](=O)[O-])cc4)cc23)cc1,9500.0
CHEMBL4209771,Cc1ccc(C(c2c[nH]c3ccc(C(=O)NNC(=S)Nc4ccc(C(F)(F)F)cc4)cc23)c2c[nH]c3ccc(C(=O)NNC(=S)Nc4ccc(C(F)(F)F)cc4)cc23)cc1,500.0
CHEMBL4204156,Cc1ccc(C(c2c[nH]c3ccc(C(=O)NNC(=S)NC45CC6CC(CC(C6)C4)C5)cc23)c2c[nH]c3ccc(C(=O)NNC(=S)NC45CC6CC(CC(C6)C4)C5)cc23)cc1,18500.0
CHEMBL4438182,NC(=S)N1N=C(c2cc3ccccc3oc2=O)CC1c1ccccc1,358.0
CHEMBL4440032,COc1ccc(NC(=O)NCc2cn(Cc3ccc(Cl)cc3Cl)nn2)cc1,22810.0
CHEMBL3600661,NS(=O)(=O)c1ccc(CCNC=C2C(=O)NC(=S)NC2=O)cc1,11460.0
CHEMBL1549559,Cc1ccc(S(=O)(=O)Nc2ccc(S(=O)(=O)Nc3ncccn3)cc2)cc1,2.2
CHEMBL4573263,O=[N+]([O-])c1ccc(NC(=S)N/N=C(\c2ccccc2)c2ccc(O)cc2)cc1,26100.0
CHEMBL4564784,Oc1ccc(/C(=N/NC(=S)Nc2cccc(Br)c2)c2ccccc2)cc1,8700.0
CHEMBL4472939,CC(=O)Nc1ccc(S(=O)(=O)Nc2ccc(Br)cc2)cc1,62360.0
CHEMBL4760175,CCCCCCCCn1c2ccc(C(C)=O)cc2c2cc(C(=O)/C=C/c3ccccc3Br)ccc21,8930.0
CHEMBL4796023,CCCCCCCCn1c2ccc(C(C)=O)cc2c2cc(C(=O)/C=C/c3ccc(Cl)cc3)ccc21,24680.0
CHEMBL4778537,CCCCCCCCn1c2ccc(C(C)=O)cc2c2cc(C(=O)/C=C/c3cccc([N+](=O)[O-])c3)ccc21,14150.0
CHEMBL4776100,CCCCCCCCn1c2ccc(C(C)=O)cc2c2cc(C(=O)/C=C/c3ccc(OC)cc3)ccc21,6880.0
CHEMBL4777883,CCCCCCCCn1c2ccc(C(C)=O)cc2c2cc(C(=O)/C=C/c3ccc(N(C)C)cc3)ccc21,149020.0
CHEMBL4784552,CCCCCCCCn1c2ccc(C(C)=O)cc2c2cc(C(=O)/C=C/c3cc(OC)c(OC)c(OC)c3)ccc21,149900.0
CHEMBL4779235,CCCCCCCCn1c2ccc(C(C)=O)cc2c2cc(C(=O)/C=C/c3ccco3)ccc21,24780.0
CHEMBL4525654,CN(C)c1cccc2c(S(=O)(=O)NN=C(c3ccccc3)c3ccccc3)cccc12,72190.0
CHEMBL4443209,O=S(=O)(NN=C(c1ccccc1)c1ccccc1)c1cc(Cl)cc(Cl)c1O,71630.0
CHEMBL4536222,O=[N+]([O-])c1ccc(S(=O)(=O)NN=C(c2ccccc2)c2ccccc2)c([N+](=O)[O-])c1,68990.0
CHEMBL4555860,Cc1ccc([N+](=O)[O-])cc1S(=O)(=O)NN=C(c1ccccc1)c1ccccc1,68990.0
CHEMBL4574235,O=S(=O)(NN=C(c1ccccc1)c1ccccc1)c1ccc(Cl)cc1,66100.0
CHEMBL4521852,O=S(=O)(N/N=C(\c1ccccc1)c1ccc(O)cc1)c1ccccc1,16300.0
CHEMBL4568517,CS(=O)(=O)N/N=C(\c1ccccc1)c1ccc(O)cc1,43390.0
CHEMBL4446149,O=S(=O)(N/N=C(\c1ccccc1)c1ccc(O)cc1)c1ccccc1Cl,16910.0
CHEMBL4572204,O=S(=O)(N/N=C(\c1ccccc1)c1ccc(O)cc1)c1cc(Cl)c(Cl)cc1Cl,57880.0
CHEMBL4441391,CN(C)c1cccc2c(S(=O)(=O)N/N=C(\c3ccccc3)c3ccc(O)cc3)cccc12,5700.0
CHEMBL4592281,O=S(=O)(CCCl)N/N=C(\c1ccccc1)c1ccc(O)cc1,55040.0
CHEMBL4474805,O=S(=O)(N/N=C(\c1ccccc1)c1ccc(O)cc1)c1ccc(Cl)cc1Cl,17990.0
CHEMBL4557719,O=S(=O)(N/N=C(\c1ccccc1)c1ccc(O)cc1)c1cc(Cl)ccc1Cl,31200.0
CHEMBL4473387,O=S(=O)(N/N=C(\c1ccccc1)c1ccc(O)cc1)c1cc(Cl)cc(Cl)c1O,4970.0
CHEMBL4587997,COc1ccc(S(=O)(=O)N/N=C(\c2ccccc2)c2ccc(O)cc2)cc1,14510.0
CHEMBL4436232,O=[N+]([O-])c1cccc(S(=O)(=O)N/N=C(\c2ccccc2)c2ccc(O)cc2)c1,13730.0
CHEMBL4437765,O=[N+]([O-])c1ccc(S(=O)(=O)N/N=C(\c2ccccc2)c2ccc(O)cc2)cc1,3900.0
CHEMBL462481,NCC(=O)NCC(=O)NO,790.0
CHEMBL4130000,O=C(CCSc1nnc(Cc2csc(NC(=O)c3ccccc3)n2)o1)Nc1ccccc1,2950.0
CHEMBL4129736,Cc1ccccc1NC(=O)CCSc1nnc(Cc2csc(NC(=O)c3ccccc3)n2)o1,7470.0
CHEMBL4126448,Cc1cccc(NC(=O)CCSc2nnc(Cc3csc(NC(=O)c4ccccc4)n3)o2)c1,12230.0
CHEMBL4126307,Cc1ccc(NC(=O)CCSc2nnc(Cc3csc(NC(=O)c4ccccc4)n3)o2)cc1,29180.0
CHEMBL4127682,Cc1cccc(NC(=O)CCSc2nnc(Cc3csc(NC(=O)c4ccccc4)n3)o2)c1C,48160.0
CHEMBL4127272,Cc1ccc(C)c(NC(=O)CCSc2nnc(Cc3csc(NC(=O)c4ccccc4)n3)o2)c1,15250.0
CHEMBL4128654,Cc1cccc(C)c1NC(=O)CCSc1nnc(Cc2csc(NC(=O)c3ccccc3)n2)o1,2790.0
CHEMBL4128510,Cc1ccc(NC(=O)CCSc2nnc(Cc3csc(NC(=O)c4ccccc4)n3)o2)cc1C,34190.0
CHEMBL4129880,Cc1cc(C)cc(NC(=O)CCSc2nnc(Cc3csc(NC(=O)c4ccccc4)n3)o2)c1,52120.0
CHEMBL4129997,CCc1ccccc1NC(=O)CCSc1nnc(Cc2csc(NC(=O)c3ccccc3)n2)o1,2580.0
CHEMBL4126727,CCc1ccc(NC(=O)CCSc2nnc(Cc3csc(NC(=O)c4ccccc4)n3)o2)cc1,43180.0
CHEMBL4127102,CCOc1ccc(NC(=O)CCSc2nnc(Cc3csc(NC(=O)c4ccccc4)n3)o2)cc1,23240.0
CHEMBL4291305,CC(C)=CCN1C(=O)/C(=N/NC(=O)c2ccccc2)c2ccccc21,129000.0
CHEMBL4286810,CC(C)=CCN1C(=O)/C(=N/NC(=O)c2ccc(F)cc2)c2ccccc21,154000.0
CHEMBL4294712,CC(C)=CCN1C(=O)/C(=N/NC(=O)c2ccc(Cl)cc2)c2ccccc21,143000.0
CHEMBL4281503,CC(C)=CCN1C(=O)/C(=N/NC(=O)c2ccc(Br)cc2)c2ccccc21,83900.0
CHEMBL4289384,CC(C)=CCN1C(=O)/C(=N/NC(=O)c2ccc(C)cc2)c2ccccc21,29900.0
CHEMBL4287490,COc1ccc(C(=O)N/N=C2/C(=O)N(CC=C(C)C)c3ccccc32)cc1,6990.0
CHEMBL4279579,CC(C)=CCN1C(=O)/C(=N/NC(=O)c2ccc(C(C)C)cc2)c2ccccc21,14900.0
CHEMBL4290913,CC(C)=CCN1C(=O)/C(=N/NC(=O)c2ccc(C(C)(C)C)cc2)c2ccccc21,19500.0
CHEMBL4283043,CC(C)=CCN1C(=O)/C(=N/NC(=O)c2ccc(C(F)(F)F)cc2)c2ccccc21,44100.0
CHEMBL4294307,CC(C)=CCN1C(=O)/C(=N/NC(=O)c2ccc(Oc3ccccc3)cc2)c2ccccc21,22700.0
CHEMBL4279161,CC(C)=CCN1C(=O)/C(=N/NC(=O)c2cccc(Cl)c2)c2ccccc21,38100.0
CHEMBL4289842,CC(C)=CCN1C(=O)/C(=N/NC(=O)c2cccc(Br)c2)c2ccccc21,27600.0
CHEMBL4282631,COc1cccc(C(=O)N/N=C2/C(=O)N(CC=C(C)C)c3ccccc32)c1,8210.0
CHEMBL4293217,CC(C)=CCN1C(=O)/C(=N/NC(=O)c2cccc(C(F)(F)F)c2)c2ccccc21,65800.0
CHEMBL4289523,COc1ccccc1C(=O)N/N=C1/C(=O)N(CC=C(C)C)c2ccccc21,11700.0
CHEMBL4278846,CC(C)=CCN1C(=O)/C(=N/NC(=O)c2cc(C)cc(C)c2)c2ccccc21,4380.0
CHEMBL4286094,COc1cc(OC)cc(C(=O)N/N=C2/C(=O)N(CC=C(C)C)c3ccccc32)c1,1350.0
CHEMBL4293995,COc1ccc(C(=O)N/N=C2/C(=O)N(CC=C(C)C)c3ccccc32)cc1OC,710.0
CHEMBL4277785,COc1ccc(C(=O)N/N=C2/C(=O)N(CC=C(C)C)c3ccccc32)cc1F,3820.0
CHEMBL4285715,CC(C)=CCN1C(=O)/C(=N/Nc2ccccc2)c2ccccc21,300000.0
CHEMBL243822,Oc1ccc(CCc2ccc(O)c(O)c2O)cc1,30000.0
CHEMBL242739,O=c1c(-c2ccc(O)cc2)coc2c(O)c(O)ccc12,140000.0
CHEMBL503157,N=C(Cc1ccc(O)cc1)c1ccc(O)c(O)c1,17000.0
CHEMBL412199,NC(Cc1ccc(O)cc1)c1ccc(O)c(O)c1O,47000.0
CHEMBL593513,Cc1ncc([N+](=O)[O-])n1CCOC(=O)c1cc(Cl)ccc1OCCn1c([N+](=O)[O-])cnc1C,12000.0
CHEMBL595619,Cc1ncc([N+](=O)[O-])n1CCOC(=O)c1cc(Br)ccc1OCCn1c([N+](=O)[O-])cnc1C,26000.0
CHEMBL1276206,Oc1ccc(CCc2ccc(F)cc2)c(O)c1O,43000.0
CHEMBL1276207,Oc1ccc(CCc2ccc(Cl)cc2)c(O)c1O,47000.0
CHEMBL1276035,Oc1ccc(CCc2ccc(Br)cc2)c(O)c1O,48000.0
CHEMBL1276036,Oc1ccc(CCc2cccc(Cl)c2)c(O)c1O,50000.0
CHEMBL1276037,Oc1ccc(CCc2cccc(Br)c2)c(O)c1O,52000.0
CHEMBL1276338,COc1ccc(CCc2ccc(O)c(O)c2O)cc1OC,71000.0
CHEMBL1276359,CCOc1ccc(CCc2ccc(O)c(O)c2O)cc1OCC,69000.0
CHEMBL1276108,CCc1ccc(O)c(O)c1O,34000.0
CHEMBL1276131,CCCCc1ccc(O)c(O)c1O,79000.0
CHEMBL1276132,CCCCCCc1ccc(O)c(O)c1O,91000.0
CHEMBL1276133,CCCCCCCCc1ccc(O)c(O)c1O,103000.0
CHEMBL1276134,CCCCCCCCCCc1ccc(O)c(O)c1O,124000.0
CHEMBL1276360,CCCCCCCCCCCCc1ccc(O)c(O)c1O,168000.0
CHEMBL1276361,CCCCCCCCCCCCCCc1ccc(O)c(O)c1O,250000.0
CHEMBL1276205,Oc1ccc(CCc2ccc(O)c(O)c2)cc1,1500.0
CHEMBL1276204,Oc1ccc(CCc2ccc(F)cc2)cc1O,6200.0
CHEMBL1276106,Oc1ccc(CCc2ccc(Cl)cc2)cc1O,8300.0
CHEMBL1276107,Oc1ccc(CCc2cccc(Cl)c2)cc1O,15700.0
CHEMBL1276239,Oc1ccc(CCc2cccc(Br)c2)cc1O,16900.0
CHEMBL1276240,COc1ccc(CCc2ccc(O)c(O)c2)cc1OC,22700.0
CHEMBL1276241,CCc1ccc(O)c(O)c1,4900.0
CHEMBL1276242,CCCCc1ccc(O)c(O)c1,7900.0
CHEMBL1276284,CCCCCCc1ccc(O)c(O)c1,12300.0
CHEMBL1276285,CCCCCCCCc1ccc(O)c(O)c1,58000.0
CHEMBL472762,COc1ccc(CCc2ccccc2O)cc1OC,227000.0
CHEMBL1276286,COc1ccc(CCc2ccc(O)cc2)cc1OC,204000.0
CHEMBL1276287,COc1ccc(CCc2cccc(Cl)c2)cc1OC,235000.0
CHEMBL1275656,COc1ccc(CCc2ccc(Cl)cc2)cc1OC,254000.0
CHEMBL2058477,O=C1C=C(NCCN2CCOCC2)C(=O)C=C1NCCN1CCOCC1,27300.0
CHEMBL2058478,O=C1C=C(NC2CCCCC2)C(=O)C=C1NC1CCCCC1,41500.0
CHEMBL2058480,O=C1C=C(NC2CCCC2)C(=O)C=C1NC1CCCC1,35360.0
CHEMBL206452,Oc1cc(O)c2c(c1)OC(c1ccc(O)c(O)c1)C(O)C2,13.0
CHEMBL117,O=c1cc(-c2ccccc2)oc2cc(O)cc(O)c12,302000.0
CHEMBL275391,COc1cc(OC)c2c(=O)cc(-c3ccccc3)oc2c1,2185000.0
CHEMBL151,O=c1cc(-c2ccc(O)c(O)c2)oc2cc(O)cc(O)c12,35400.0
CHEMBL8260,O=c1cc(-c2ccccc2)oc2cc(O)c(O)c(O)c12,291000.0
CHEMBL8145,O=c1c(-c2ccc(O)cc2)coc2cc(O)ccc12,556000.0
CHEMBL12658,COc1ccc(-c2coc3cc(OC)ccc3c2=O)cc1,3527000.0
CHEMBL242341,COc1ccc(-c2coc3cc(O)ccc3c2=O)cc1,2003000.0
CHEMBL73930,COc1ccc(-c2cc(=O)c3c(OC)c(OC)c(OC)c(OC)c3o2)cc1,4628000.0
CHEMBL50,O=c1c(O)c(-c2ccc(O)c(O)c2)oc2cc(O)cc(O)c12,11000.0
CHEMBL28,O=c1cc(-c2ccc(O)cc2)oc2cc(O)cc(O)c12,138000.0
CHEMBL2377270,Oc1cc(O)c2c(c1)OC(c1ccccc1)C=C2,33200.0
CHEMBL486009,COc1cc(O)c(C(=O)CCc2ccccc2)c(O)c1,978000.0
CHEMBL492166,COc1cc(O)c(C(=O)CCc2ccccc2)c(OC)c1,1668000.0
CHEMBL104255,COc1cc(O)c(C(=O)/C=C/c2ccccc2)c(OC)c1,1220000.0
CHEMBL2377166,Oc1cc(O)c2c(c1)OC(c1ccc(O)c(O)c1)C=C2,4420.0
CHEMBL2377165,Oc1cc2c(c(O)c1O)C=CC(c1ccccc1)O2,22100.0
CHEMBL2377164,Oc1ccc(C2=COc3c(ccc(O)c3O)C2)cc1,850.0
CHEMBL2377163,COc1ccc(C2=COc3cc(O)ccc3C2)cc1,86200.0
CHEMBL2377162,COc1ccc(C2COc3cc(OC)ccc3C2)cc1,1783000.0
CHEMBL453016,COc1ccc(C2COc3cc(O)ccc3C2)cc1,358000.0
CHEMBL1957037,Oc1ccc(C2COc3cc(O)ccc3C2)cc1,92900.0
CHEMBL2377161,COc1ccc(C2COc3cc(OC)ccc3C2O)cc1,3867000.0
CHEMBL2377160,COc1ccc(C(C)C(=O)c2ccc(OC)cc2O)cc1,2178000.0
CHEMBL1373918,COc1ccc(C(C)C(=O)c2ccc(O)cc2O)cc1,1050000.0
CHEMBL2377159,COc1ccc(C2=CCc3c(OC)c(OC)c(OC)c(OC)c3O2)cc1,3791000.0
CHEMBL2377158,COc1ccc(C2C=Cc3c(OC)c(OC)c(OC)c(OC)c3O2)cc1,4172000.0
CHEMBL2377157,COc1ccc(C2CC(O)c3c(OC)c(OC)c(OC)c(OC)c3O2)cc1,4853000.0
CHEMBL337309,O=C1c2c(O)cc(O)cc2OC(c2ccc(O)c(O)c2)C1O,43700.0
CHEMBL32571,O=C1CC(c2ccc(O)cc2)Oc2cc(O)cc(O)c21,328000.0
CHEMBL2425482,O=C(CC(O)c1cc(Cl)cc(Cl)c1O)NO,8900.0
CHEMBL2425480,O=C(CC(O)c1cc(Cl)ccc1O)NO,11300.0
CHEMBL2425479,O=C(CC(O)c1ccc(Cl)c(Cl)c1)NO,1420.0
CHEMBL2425478,O=C(CC(O)c1cccc(Cl)c1Cl)NO,910.0
CHEMBL2425471,O=C(CC(O)c1cccc(C(F)(F)F)c1)NO,6810.0
CHEMBL2425470,O=C(CC(O)c1cccc(F)c1)NO,13300.0
CHEMBL2425469,O=C(CC(O)c1cccc(Cl)c1)NO,360.0
CHEMBL2425465,O=C(CC(O)c1ccccc1Cl)NO,9210.0
CHEMBL2425483,CN(C)c1ccc(C(=O)NO)cc1,77900.0
CHEMBL2425481,COc1ccc(F)cc1C(O)CC(=O)NO,11000.0
CHEMBL2425477,CN(C)c1ccc(C(O)CC(=O)NO)cc1,7130.0
CHEMBL2425476,O=C(CC(O)c1ccc(C(F)(F)F)cc1)NO,7890.0
CHEMBL2425475,O=C(CC(O)c1ccc(F)cc1)NO,8010.0
CHEMBL2425474,O=C(CC(O)c1ccc(Cl)cc1)NO,3390.0
CHEMBL2425473,O=C(CC(O)c1ccc(OCc2ccccc2)cc1)NO,61500.0
CHEMBL2425472,COc1ccc(C(O)CC(=O)NO)cc1,75100.0
CHEMBL2425468,COc1cccc(C(O)CC(=O)NO)c1,23200.0
CHEMBL2425467,O=C(CC(O)c1cccc(O)c1)NO,131000.0
CHEMBL2425466,O=C(CC(O)c1ccccc1F)NO,5600.0
CHEMBL2425464,COc1ccccc1C(O)CC(=O)NO,38500.0
CHEMBL2425463,O=C(CC(O)c1ccccc1)NO,15600.0
CHEMBL3594254,O=[N+]([O-])c1cccc(NCc2ccc(O)c(O)c2)c1,9520.0
CHEMBL3594253,O=[N+]([O-])c1ccc(CNc2ccc([N+](=O)[O-])cc2)cc1,126200.0
CHEMBL3594252,O=[N+]([O-])c1ccc(NCc2ccc(Cl)cc2)cc1,83800.0
CHEMBL3594251,O=[N+]([O-])c1ccc(NCc2ccc(O)cc2)cc1,28100.0
CHEMBL3594250,O=[N+]([O-])c1ccc(NCc2ccc(O)c(O)c2)cc1,1920.0
CHEMBL3593638,COc1ccc(NCc2cccc([N+](=O)[O-])c2)cc1,319200.0
CHEMBL3593637,COc1ccc(NCc2ccc(Cl)cc2)cc1,500000.0
CHEMBL3594268,COc1ccc(NCc2ccc(N(C)C)cc2)cc1,500000.0
CHEMBL3594267,O=[N+]([O-])c1cccc(CNc2cccc(Cl)c2)c1,410300.0
CHEMBL3594266,O=[N+]([O-])c1ccc(CNc2cccc(Cl)c2)cc1,236500.0
CHEMBL3594265,O=[N+]([O-])c1ccccc1CNc1ccc(Cl)cc1,238700.0
CHEMBL3594264,CN(C)c1ccc(CNc2ccc(Cl)cc2)cc1,500000.0
CHEMBL3594263,Clc1ccc(NCc2ccc3c(c2)OCO3)cc1,500000.0
CHEMBL3594262,COc1ccc(CNc2ccc(Cl)cc2)cc1OC,500000.0
CHEMBL3594261,O=[N+]([O-])c1ccccc1NCc1ccc(O)c(O)c1,45100.0
CHEMBL3594260,O=[N+]([O-])c1cccc(CNc2cccc([N+](=O)[O-])c2)c1,85000.0
CHEMBL3594259,O=[N+]([O-])c1ccc(CNc2cccc([N+](=O)[O-])c2)cc1,64900.0
CHEMBL3594258,O=[N+]([O-])c1cccc(NCc2ccc(Cl)cc2)c1,57500.0
CHEMBL3594257,CN(C)c1ccc(CNc2cccc([N+](=O)[O-])c2)cc1,16800.0
CHEMBL3594256,O=[N+]([O-])c1cccc(NCc2ccc3c(c2)OCO3)c1,13100.0
CHEMBL3594255,COc1ccc(CNc2cccc([N+](=O)[O-])c2)cc1OC,50400.0
CHEMBL3601582,O=C1OCC(O)=C1c1ccccc1,89000.0
CHEMBL3601583,O=C1OCC(O)=C1c1ccccc1F,75000.0
CHEMBL3601584,O=C1OCC(O)=C1c1ccccc1Cl,68000.0
CHEMBL3601585,Cc1ccccc1C1=C(O)COC1=O,65000.0
CHEMBL3601586,O=C1OCC(O)=C1c1ccccc1OCc1ccccc1,50000.0
CHEMBL3601587,O=C1OCC(O)=C1c1cccc(F)c1,62000.0
CHEMBL3601588,O=C1OCC(O)=C1c1cccc(Cl)c1,45300.0
CHEMBL3601589,O=C1OCC(O)=C1c1cccc(Br)c1,81800.0
CHEMBL3601590,Cc1cccc(C2=C(O)COC2=O)c1,31100.0
CHEMBL3601591,O=C1OCC(O)=C1c1cccc(C(F)(F)F)c1,64400.0
CHEMBL3601592,O=C1OCC(O)=C1c1cccc(OCc2ccccc2)c1,77500.0
CHEMBL3601593,O=C1OCC(O)=C1c1ccc(F)cc1,40600.0
CHEMBL3601594,O=C1OCC(O)=C1c1ccc(Cl)cc1,100000.0
CHEMBL3601595,O=C1OCC(O)=C1c1ccc(Br)cc1,100000.0
CHEMBL3601596,Cc1ccc(C2=C(O)COC2=O)cc1,100000.0
CHEMBL3601616,O=C1OCC(O)=C1c1ccc(OCc2ccccc2)cc1,10500.0
CHEMBL3601617,O=C1OCC(O)=C1c1ccc(Cl)c(Cl)c1,100000.0
CHEMBL3601618,COc1ccc(C2=C(O)COC2=O)cc1OC,36500.0
CHEMBL3601619,CCOc1ccc(C2=C(O)COC2=O)cc1OCC,91700.0
CHEMBL3601620,O=C1OCC(O)=C1c1ccc(Cl)cc1Cl,100000.0
CHEMBL4177368,O=C(CNc1ccc(Cl)c(Cl)c1)NO,41600.0
CHEMBL4173599,O=C(CNc1cccc(Br)c1)NO,48100.0
CHEMBL4176964,O=C(CNc1cc(Cl)cc(Cl)c1)NO,16900.0
CHEMBL4167553,O=C(CCNc1cc(Cl)cc(Cl)c1)NO,3900.0
CHEMBL4162915,O=C(CCNc1ccccc1Cl)NO,5910.0
CHEMBL4170188,O=C(CCNc1ccc(F)cc1)NO,17900.0
CHEMBL4159556,O=C(CCNc1ccccc1Br)NO,14500.0
CHEMBL4169795,O=C(CCNc1cc(Cl)ccc1Cl)NO,29500.0
CHEMBL4176993,O=C(CCNc1ccc(Cl)c(Cl)c1)NO,38900.0
CHEMBL4172924,O=C(CCNc1ccc(Cl)cc1Cl)NO,140.0
CHEMBL4165823,O=C(CNc1ccc(F)cc1)NO,7410.0
CHEMBL4176109,Cc1cc(C)cc(NCC(=O)NO)c1,2120.0
CHEMBL4163886,COc1ccccc1NCC(=O)NO,152000.0
CHEMBL4161538,COc1cccc(NCC(=O)NO)c1,21810.0
CHEMBL4163847,COc1cc(NCC(=O)NO)cc(OC)c1,2280.0
CHEMBL4171725,O=C(CNc1cccc(Cl)c1Cl)NO,14800.0
CHEMBL4166733,O=C(CNc1ccc(Cl)cc1Cl)NO,66100.0
CHEMBL4170147,O=C(CNc1cccc(Cl)c1)NO,1150.0
CHEMBL4162234,O=C(CNc1ccc(Cl)cc1)NO,2470.0
CHEMBL4165682,O=C(CNc1ccc(Br)cc1)NO,2010.0
CHEMBL4169105,O=C(CNc1cccc([N+](=O)[O-])c1)NO,8210.0
CHEMBL4161835,O=C(CNc1cc(Cl)ccc1Cl)NO,1640.0
CHEMBL4172484,O=C(CNc1ccccc1)NO,4670.0
CHEMBL4172409,O=C(CNc1c(Cl)cccc1Cl)NO,191000.0
CHEMBL4164528,O=C(CNc1cc(F)cc(F)c1)NO,5110.0
CHEMBL4175821,Cc1ccc(NCC(=O)NO)cc1,3910.0
CHEMBL4167961,COc1ccc(NCC(=O)NO)cc1,69800.0
CHEMBL4160701,O=C(CNc1ccccc1Cl)NO,58900.0
CHEMBL4171297,O=C(CNc1ccccc1Br)NO,12300.0
CHEMBL4164106,O=C(CN1CCCc2ccccc21)NO,71100.0
CHEMBL4159630,O=C(CCNc1ccccc1)NO,1220.0
CHEMBL4173629,COc1ccccc1NCCC(=O)NO,1640.0
CHEMBL4161873,Cc1cc(C)cc(NCCC(=O)NO)c1,2930.0
CHEMBL4166373,O=C(CCNc1c(Cl)cccc1Cl)NO,25000.0
CHEMBL4168720,O=C(CCNc1ccc([N+](=O)[O-])cc1)NO,1230.0
CHEMBL4176586,O=C(CCNc1cccc([N+](=O)[O-])c1)NO,5100.0
CHEMBL4162250,O=C(CCNc1ccccc1[N+](=O)[O-])NO,10530.0
CHEMBL4177391,O=C(CCNc1cccc(Cl)c1Cl)NO,3830.0
CHEMBL4169528,O=C(CCNc1cc(F)cc(F)c1)NO,1520.0
CHEMBL4169118,O=C(CCN1CCCc2ccccc21)NO,21130.0
CHEMBL4251246,O=C(CCOc1ccc(Cl)cc1)NO,8200.0
CHEMBL4241971,O=C(CCOc1ccc(Br)cc1)NO,16300.0
CHEMBL4243350,O=C(CCOc1ccc(Cl)c(Cl)c1)NO,890.0
CHEMBL4245850,O=C(COc1ccc(Cl)c(Cl)c1)NO,12800.0
CHEMBL2094349,O=C(COc1ccc(Cl)cc1Cl)NO,21400.0
CHEMBL4239073,O=C(CCOc1cc(Cl)ccc1Cl)NO,13100.0
CHEMBL4250425,O=C(CCOc1cc(F)cc(F)c1)NO,5090.0
CHEMBL4248626,O=C(CCOc1cccc(Cl)c1)NO,1230.0
CHEMBL4247924,O=C(CCOc1cccc(F)c1)NO,2050.0
CHEMBL4250256,O=C(CCOc1ccc(F)cc1)NO,1130.0
CHEMBL4239299,Cc1cc(C)cc(OCCC(=O)NO)c1,10400.0
CHEMBL4246522,COc1ccc(OCCC(=O)NO)cc1,8350.0
CHEMBL4240308,Cc1ccc(OCCC(=O)NO)cc1,1380.0
CHEMBL2360000,Cc1cccc(OCCC(=O)NO)c1,3380.0
CHEMBL4247132,Cc1ccccc1OCCC(=O)NO,6740.0
CHEMBL569423,O=C(CCOc1ccccc1)NO,4180.0
CHEMBL4239124,O=C(COc1ccc([N+](=O)[O-])cc1)NO,62100.0
CHEMBL4239571,O=C(COc1cccc([N+](=O)[O-])c1)NO,94700.0
CHEMBL4249219,O=C(COc1ccccc1[N+](=O)[O-])NO,144300.0
CHEMBL4250127,O=C(COc1cc(F)cc(F)c1)NO,205400.0
CHEMBL4246507,O=C(COc1cc(Cl)cc(Cl)c1)NO,3220.0
CHEMBL4242065,O=C(COc1c(Cl)cccc1Cl)NO,353200.0
CHEMBL4240691,O=C(COc1cc(Cl)ccc1Cl)NO,9020.0
CHEMBL4238560,O=C(COc1cccc(Cl)c1Cl)NO,178700.0
CHEMBL4242735,O=C(COc1ccccc1Cl)NO,78500.0
CHEMBL4245086,O=C(COc1cccc(Cl)c1)NO,10400.0
CHEMBL4248008,O=C(COc1ccc(Cl)cc1)NO,1260.0
CHEMBL4245261,O=C(COc1ccccc1F)NO,121500.0
CHEMBL4250489,O=C(COc1cccc(F)c1)NO,27000.0
CHEMBL4245439,O=C(COc1ccc(F)cc1)NO,18900.0
CHEMBL4245720,O=C(COc1ccc(Br)cc1)NO,5350.0
CHEMBL4239970,Cc1cc(C)cc(OCC(=O)NO)c1,41900.0
CHEMBL4238717,COc1ccc(OCC(=O)NO)cc1,49500.0
CHEMBL4247495,Cc1ccc(OCC(=O)NO)cc1,57100.0
CHEMBL4245159,Cc1cccc(OCC(=O)NO)c1,85100.0
CHEMBL4246997,Cc1ccccc1OCC(=O)NO,153600.0
CHEMBL569422,O=C(COc1ccccc1)NO,131200.0
CHEMBL4590676,O=C(CC(O)c1cc(Cl)ccc1OCc1ccccc1)NO,150.0
CHEMBL4568283,CN(O)C(=O)CC(O)c1cc(Cl)ccc1OCc1ccccc1,26200.0
CHEMBL4469655,CN(O)C(=O)CC(O)c1cc(Cl)ccc1O,30500.0
CHEMBL4447735,COc1ccc(C(O)CC(=O)N(C)O)cc1OC,405000.0
CHEMBL4476469,COc1cc(C(O)CC(=O)N(C)O)ccc1OCc1ccccc1,258000.0
CHEMBL4531553,CN(O)C(=O)CC(O)c1ccc(OCc2ccccc2)c(OCc2ccccc2)c1,376000.0
CHEMBL4530689,CN(O)C(=O)CC(O)c1ccc(Cl)c(Cl)c1,90400.0
CHEMBL4579243,CN(O)C(=O)CC(O)c1c(Cl)cccc1Cl,77900.0
CHEMBL4545901,O=C(CC(O)c1ccc(Cl)cc1Cl)NO,13400.0
CHEMBL4472402,CN(O)C(=O)CC(O)c1ccc(Cl)cc1Cl,367000.0
CHEMBL4440368,CN(O)C(=O)CC(O)c1cccc(Cl)c1Cl,95800.0
CHEMBL4534392,CN(O)C(=O)CC(O)c1ccc(OCc2ccccc2)cc1,198000.0
CHEMBL4437504,CN(O)C(=O)CC(O)c1ccc(N(C)C)cc1,287000.0
CHEMBL4454777,COc1ccc(C(O)CC(=O)N(C)O)cc1,328000.0
CHEMBL4461397,CN(O)C(=O)CC(O)c1ccc(Br)cc1,97600.0
CHEMBL4473012,CN(O)C(=O)CC(O)c1ccc(Cl)cc1,87400.0
CHEMBL4439781,CN(O)C(=O)CC(O)c1ccc(F)cc1,77200.0
CHEMBL4535418,COc1cccc(C(O)CC(=O)N(C)O)c1,89200.0
CHEMBL4470787,CN(O)C(=O)CC(O)c1cccc(Br)c1,78200.0
CHEMBL4516908,CN(O)C(=O)CC(O)c1cccc(Cl)c1,48000.0
CHEMBL4585313,CN(O)C(=O)CC(O)c1cccc(F)c1,71200.0
CHEMBL4539763,COc1ccccc1C(O)CC(=O)N(C)O,84000.0
CHEMBL4555761,CN(O)C(=O)CC(O)c1ccccc1Cl,56600.0
CHEMBL1219,COCCCOc1ccnc(C[S+]([O-])c2nc3ccccc3[nH]2)c1C,290.0
CHEMBL3655716,O=c1[nH][se]c2ccccc12,48600.0
CHEMBL51085,O=c1c2ccccc2[se]n1-c1ccccc1,69000.0
CHEMBL4469439,O=c1c2ccccc2[se]n1[C@H](CO)c1ccccc1,79000.0
CHEMBL4592440,CC(C)[C@@H](C(=O)O)n1[se]c2ccccc2c1=O,186000.0
CHEMBL4463967,CC(C)C[C@@H](C(=O)O)n1[se]c2ccccc2c1=O,301000.0
CHEMBL4520558,O=C(O)C[C@@H](C(=O)O)n1[se]c2ccccc2c1=O,388000.0
CHEMBL4444989,O=C(O)CCCn1[se]c2ccccc2c1=O,103000.0
CHEMBL4089739,COC(=O)Cn1[se]c2ccccc2c1=O,107700.0
CHEMBL4563587,COC(=O)[C@H](C)n1[se]c2ccccc2c1=O,75000.0
CHEMBL4563580,CCC(C)[C@@H](C(=O)OC)n1[se]c2ccccc2c1=O,96000.0
CHEMBL4444060,COC(=O)[C@H](CC(C)C)n1[se]c2ccccc2c1=O,127000.0
CHEMBL4469463,COC(=O)[C@@H](CC(C)C)n1[se]c2ccccc2c1=O,121000.0
CHEMBL385817,O=C(Nc1ccccc1)c1ccccc1[Se][Se]c1ccccc1C(=O)Nc1ccccc1,87000.0
CHEMBL3747547,O=C(O)CNC(=O)c1ccccc1[Se][Se]c1ccccc1C(=O)NCC(=O)O,163000.0
CHEMBL3747132,C[C@H](NC(=O)c1ccccc1[Se][Se]c1ccccc1C(=O)N[C@@H](C)C(=O)O)C(=O)O,85000.0
CHEMBL4524305,C[C@H](c1ccccc1)n1[se]c2ccccc2c1=O,25300.0
CHEMBL4534596,C[C@@H](C(=O)O)n1[se]c2ccccc2c1=O,196000.0
CHEMBL4552531,O=C(O)CCn1[se]c2ccccc2c1=O,38000.0
CHEMBL4539240,CCC(CO)NC(=O)c1ccccc1[Se][Se]c1ccccc1C(=O)NC(CC)CO,108000.0
CHEMBL4461450,O=C(O)CCCNC(=O)c1ccccc1[Se][Se]c1ccccc1C(=O)NCCCC(=O)O,35400.0
CHEMBL4471428,COC(=O)CNC(=O)c1ccccc1[Se][Se]c1ccccc1C(=O)NCC(=O)OC,85000.0
CHEMBL4575318,COC(=O)CCCNC(=O)c1ccccc1[Se][Se]c1ccccc1C(=O)NCCCC(=O)OC,20100.0
CHEMBL1976884,O=C(O)c1ccccc1[Se][Se]c1ccccc1C(=O)O,794000.0
