chembl_id,canonical_smiles,activity,pIC50
CHEMBL1466,O=c1oc2ccccc2c(O)c1Cc1c(O)c2ccccc2oc1=O,inactive,4.820000071285178
CHEMBL260998,O=c1oc2ccccc2c(O)c1C(c1ccc[nH]1)c1c(O)c2ccccc2oc1=O,inactive,4.330000038335378
CHEMBL260997,CCOc1cc(C(c2c(O)c3ccccc3oc2=O)c2c(O)c3ccccc3oc2=O)ccc1O,inactive,4.040000018741066
CHEMBL258733,O=c1oc2ccccc2c(O)c1C(c1c(O)c2ccccc2oc1=O)c1c[nH]c2ccccc12,inactive,4.210000001311122
CHEMBL81935,O=c1c(C(c2ccc([N+](=O)[O-])cc2)c2c(O)oc3ccccc3c2=O)c(O)oc2ccccc12,inactive,4.149999990420336
CHEMBL409739,O=c1oc2ccccc2c(O)c1C(c1cccc([N+](=O)[O-])c1)c1c(O)c2ccccc2oc1=O,inactive,4.090000008636461
CHEMBL430228,Nc1cccc(C(c2c(O)c3ccccc3oc2=O)c2c(O)c3ccccc3oc2=O)c1,inactive,4.119999985703918
CHEMBL409439,O=c1oc2ccccc2c(O)c1C(c1cccc(O)c1)c1c(O)c2ccccc2oc1=O,inactive,4.1399999760652255
CHEMBL259477,O=c1oc2ccccc2c(O)c1C(c1cccnc1)c1c(O)c2ccccc2oc1=O,inactive,4.449999986821809
CHEMBL259153,O=c1oc2ccccc2c(O)c1C(c1ccncc1)c1c(O)c2ccccc2oc1=O,inactive,4.229999967073058
CHEMBL259154,O=c1oc2ccccc2c(O)c1C(/C=C/c1ccccc1)c1c(O)c2ccccc2oc1=O,inactive,4.219999989963101
CHEMBL409740,C/C=C/C(c1c(O)c2ccccc2oc1=O)c1c(O)c2ccccc2oc1=O,inactive,4.360000032076103
CHEMBL261558,CCCCC(c1c(O)c2ccccc2oc1=O)c1c(O)c2ccccc2oc1=O,inactive,4.190000019529944
CHEMBL261789,O=c1oc2ccccc2c(O)c1C(CCc1ccccc1)c1c(O)c2ccccc2oc1=O,inactive,4.169999984192581
CHEMBL1904453,CC(C)c1ccc(C(c2c(O)oc3ccccc3c2=O)c2c(O)oc3ccccc3c2=O)cc1,inactive,4.079999984911641
CHEMBL410266,O=c1oc2ccccc2c(O)c1C(c1ccccc1Br)c1c(O)c2ccccc2oc1=O,inactive,4.130000024196025
CHEMBL412094,O=c1oc2ccccc2c(O)c1C(c1cccc(Cl)c1)c1c(O)c2ccccc2oc1=O,inactive,4.130000024196025
CHEMBL258768,CCCCCC(c1c(O)c2ccccc2oc1=O)c1c(O)c2ccccc2oc1=O,inactive,4.059999994991732
CHEMBL238294,COc1ccc(C(c2c(O)c3ccccc3oc2=O)c2c(O)c3ccccc3oc2=O)cc1,inactive,4.219999989963101
CHEMBL264936,COc1cccc(C(c2c(O)c3ccccc3oc2=O)c2c(O)c3ccccc3oc2=O)c1,inactive,4.25000001945443
CHEMBL265181,COc1ccccc1C(c1c(O)c2ccccc2oc1=O)c1c(O)c2ccccc2oc1=O,inactive,4.079999984911641
CHEMBL409884,O=c1oc2ccccc2c(O)c1C(c1c(O)c2ccccc2oc1=O)c1cccc2ccccc12,inactive,4.070000019492821
CHEMBL407834,CCCC(c1c(O)c2ccccc2oc1=O)c1c(O)c2ccccc2oc1=O,inactive,4.169999984192581
CHEMBL259975,O=c1oc2ccccc2c(O)c1C(c1ccccc1Cl)c1c(O)c2ccccc2oc1=O,inactive,4.070000019492821
CHEMBL262114,O=c1c(C(c2ccc(O)cc2)c2c(O)oc3ccccc3c2=O)c(O)oc2ccccc12,inactive,4.130000024196025
CHEMBL260178,CC(c1ccccc1)C(c1c(O)c2ccccc2oc1=O)c1c(O)c2ccccc2oc1=O,inactive,4.279999967105453
CHEMBL130567,COc1cc(C(c2c(O)oc3ccccc3c2=O)c2c(O)oc3ccccc3c2=O)cc(OC)c1OC,inactive,4.079999984911641
CHEMBL411046,COc1ccc(C(c2c(O)c3ccccc3oc2=O)c2c(O)c3ccccc3oc2=O)cc1OC,inactive,4.100000018985305
CHEMBL312008,CN(C)c1ccc(C(c2c(O)oc3ccccc3c2=O)c2c(O)oc3ccccc3c2=O)cc1,inactive,4.090000008636461
CHEMBL402459,CC(c1c(O)c2ccccc2oc1=O)c1c(O)c2ccccc2oc1=O,inactive,4.200000030616179
CHEMBL734,CC(=O)NO,inactive,4.761953896871205
CHEMBL490506,O=C1c2cc(O)cc3oc(-c4ccc(O)cc4)c(c23)-c2cc(O)cc(O)c2C1c1ccc(O)cc1,inactive,3.896880746454286
CHEMBL1277360,Cc1ccc(-n2c(-c3cccc([N+](=O)[O-])c3)n[nH]c2=S)c(C)c1,inactive,4.341035157335565
CHEMBL1275864,Cc1cccc(-n2c(-c3ccccc3)n[nH]c2=S)c1C,inactive,4.0655015487564325
CHEMBL1277450,Cc1ccc(-n2c(-c3cccc(Cl)c3)n[nH]c2=S)c(C)c1,inactive,3.337657779233692
CHEMBL1277452,Cc1cccc(C)c1-n1c(-c2cccc(Cl)c2)n[nH]c1=S,inactive,3.4472952900865246
CHEMBL1277546,Cc1ccc(-n2c(-c3ccc(Cl)cc3)n[nH]c2=S)c(C)c1,inactive,3.767613853868091
CHEMBL1277548,Cc1cccc(C)c1Nc1nnc(-c2ccccc2Cl)s1,inactive,3.504178246614094
CHEMBL1277638,Cc1cccc(Nc2nnc(-c3ccc(Cl)cc3)s2)c1C,inactive,3.3155586123743936
CHEMBL1277639,Cc1ccc(Nc2nnc(-c3cccc([N+](=O)[O-])c3)s2)c(C)c1,inactive,3.3998987443086093
CHEMBL1275865,Cc1cccc(Nc2nnc(-c3ccccc3)s2)c1C,inactive,3.370488465799547
CHEMBL1277640,Cc1cccc(C)c1Nc1nnc(-c2ccc(Cl)cc2)s1,inactive,3.668167955563751
CHEMBL239452,NC(=S)N/N=C/c1ccccc1Cl,active,6.667561540084395
CHEMBL1269725,NC(=S)N/N=C/c1cccc(Cl)c1,active,6.173925197299173
CHEMBL391982,NC(=S)N/N=C/c1ccc(Cl)cc1,active,6.3872161432802645
CHEMBL91844,N/C(S)=N/N=C/c1cccc(Br)c1,active,6.115204636051019
CHEMBL1910220,NC(=S)N/N=C/c1ccc(Br)cc1,active,6.150580586203101
CHEMBL193474,N/C(S)=N/N=C/c1cccc([N+](=O)[O-])c1,active,6.991399828238082
CHEMBL193804,N/C(S)=N/N=C/c1ccc([N+](=O)[O-])cc1,active,6.262012673666569
CHEMBL241894,COc1cccc(/C=N/NC(N)=S)c1,active,6.752026733638194
CHEMBL398206,COc1ccc(/C=N/NC(N)=S)cc1,active,6.052076380168273
CHEMBL499789,COc1cc(/C=N/NC(N)=S)cc(OC)c1OC,active,6.004803708402821
CHEMBL241902,CN(C)c1ccc(/C=N/NC(N)=S)cc1,active,6.896196279044043
CHEMBL1276230,NC(=S)N/N=C/C=C/c1ccccc1,active,6.34008379993015
CHEMBL1910221,NC(=S)N/N=C/c1ccccc1OCc1ccccc1,active,6.580044251510242
CHEMBL1910222,COc1ccc(/C=N/NC(N)=S)cc1OCc1ccccc1,active,6.481486060122113
CHEMBL242113,NC(=S)N/N=C/c1ccc(O)cc1,active,6.166215625343521
CHEMBL1910223,NC(=S)N/N=C/c1cccc(O)c1O,active,6.657577319177793
CHEMBL1910224,COc1cc(/C=N/NC(N)=S)cc(OC)c1O,active,6.632644078973981
CHEMBL1910225,C/C=C/C=N/NC(N)=S,active,6.127261172527331
CHEMBL260876,NC(N)=S,inactive,4.6777807052660805
CHEMBL1968195,Cc1cc(C)n(CN(Cn2nc(C)cc2C)C2CCCCC2)n1,inactive,4.361910278015494
CHEMBL2235389,Cc1cc(C)n(CN(CCO)Cn2nc(C)cc2C)n1,inactive,4.350081281264581
CHEMBL1828958,Cc1cc(C)n(CO)n1,inactive,4.0254883072626715
CHEMBL2285978,O=C1Nc2ccccc2/C1=N/NC(=S)Nc1c(F)cccc1F,inactive,4.480172006224281
CHEMBL2285979,O=C1Nc2ccccc2/C1=N/NC(=S)Nc1ccc(F)cc1F,inactive,4.3223930472795065
CHEMBL2285980,O=C1Nc2ccccc2/C1=N/NC(=S)Nc1ccccc1F,inactive,4.686132779630847
CHEMBL2285981,O=C1Nc2ccccc2/C1=N/NC(=S)Nc1ccc(OC(F)(F)F)cc1,inactive,4.686132779630847
CHEMBL2285982,O=C1Nc2ccccc2/C1=N/NC(=S)Nc1cccc(C(F)(F)F)c1,inactive,4.686132779630847
CHEMBL2285984,O=C1Nc2ccccc2/C1=N/NC(=S)Nc1ccccc1C(F)(F)F,inactive,4.480172006224281
CHEMBL2285985,O=C1Nc2ccccc2/C1=N/NC(=S)Nc1cccc(F)c1,inactive,4.295849483160201
CHEMBL1915702,O=C1Nc2ccccc2/C1=N/NC(=S)Nc1ccc(C(F)(F)F)cc1,inactive,4.295849483160201
CHEMBL2285987,O=C1Nc2ccc(F)cc2/C1=N/NC(=S)Nc1cc(F)cc(F)c1,inactive,3.821886747685368
CHEMBL2285989,O=C1Nc2ccc(F)cc2/C1=N/NC(=S)Nc1c(F)cccc1F,inactive,4.325138859262188
CHEMBL2285991,O=C1Nc2ccc(F)cc2/C1=N/NC(=S)Nc1cccc(F)c1,inactive,4.343901797987168
CHEMBL2285990,O=C1Nc2ccc(F)cc2/C1=N/NC(=S)Nc1ccccc1F,inactive,4.423658649794207
CHEMBL2285993,O=C1Nc2ccc(F)cc2/C1=N/NC(=S)Nc1ccc(C(F)(F)F)cc1,inactive,4.043831569524636
CHEMBL2285994,O=C1Nc2ccc(F)cc2/C1=N/NC(=S)Nc1cccc(C(F)(F)F)c1,inactive,4.222863287495827
CHEMBL2285995,O=C1Nc2ccc(F)cc2/C1=N/NC(=S)Nc1ccccc1C(F)(F)F,inactive,4.29645070176177
CHEMBL375922,O=C1Nc2ccc(F)cc2/C1=N/NC(=S)Nc1ccccc1,inactive,3.4647945205294124
CHEMBL2417806,CCn1cc(C(=O)O)c(=O)c2cc(F)c(N3CCN(C(=O)CSc4nnc(CN5CCN(c6ccccc6OC)CC5)n4-c4ccccc4)CC3)cc21,active,7.688034339631634
CHEMBL2436676,O=C(Nc1ccccc1)Nc1ccc(S(=O)(=O)Cl)cc1,active,6.9183287127090765
CHEMBL3087542,O=C(NC(=S)NCc1ccccc1Cl)c1ccccc1,inactive,4.452471423540218
CHEMBL1555726,O=C(NC(=S)NC1CCCCC1)c1ccccc1,inactive,4.274088367704952
CHEMBL1478462,O=C(NC(=S)NCc1ccccc1)c1ccccc1,inactive,4.56304266933055
CHEMBL3087538,O=C(NC(=S)Nc1ccc(F)cc1)c1ccccc1,inactive,4.3851027839668655
CHEMBL3087557,CCCCc1ccc(NC(=S)NC(=O)c2ccccc2)cc1,inactive,4.3260580013659125
CHEMBL3087556,O=C(NC(=S)Nc1ccc(C(F)(F)F)cc1)c1ccccc1,inactive,4.913640169325252
CHEMBL3087555,O=C(NC(=S)Nc1ccccc1C(F)(F)F)c1ccccc1,inactive,4.4179366370882915
CHEMBL3087554,COc1cccc(NC(=S)NC(=O)c2ccccc2)c1,inactive,4.892790030352131
CHEMBL3087551,O=C(NC(=S)Nc1cccc(C(F)(F)F)c1)c1ccccc1,inactive,4.402304814074488
CHEMBL3087550,O=C(NC(=S)Nc1c(Cl)c(Cl)cc(Cl)c1Cl)c1ccccc1,inactive,4.1254602029289895
CHEMBL3087549,O=C(NC(=S)Nc1cc(Cl)cc(Cl)c1)c1ccccc1,inactive,4.735182176990463
CHEMBL3087546,O=C(NC(=S)Nc1ccc(Cl)cc1Cl)c1ccccc1,inactive,4.87942606879415
CHEMBL3087545,O=C(NC(=S)Nc1cccc(Cl)c1Cl)c1ccccc1,inactive,4.492144128304169
CHEMBL1450561,O=C(NC(=S)Nc1ccc(Cl)cc1)c1ccccc1,inactive,4.452471423540218
CHEMBL3087544,O=C(NC(=S)Nc1cccc(Cl)c1)c1ccccc1,inactive,4.563519304990505
CHEMBL3087543,O=C(NC(=S)Nc1ccccc1Cl)c1ccccc1,inactive,4.3851027839668655
CHEMBL1834362,O=C(NC(=S)Nc1ccccc1)c1ccccc1,inactive,4.85078088734462
CHEMBL1872118,S=C(NCc1ccncc1)Nc1ccccc1,inactive,4.486782399932061
CHEMBL2391569,S=C(NCc1cccnc1)Nc1ccccc1,inactive,4.474955192963154
CHEMBL3120556,Cc1nc(NC(=S)Nc2ccccc2)ccc1Br,inactive,4.082494490447453
CHEMBL1558086,S=C(NCc1ccco1)Nc1ccccc1,inactive,4.489991487059765
CHEMBL3120555,S=C(Nc1ccccc1)Nc1ncc(Cl)cc1Cl,inactive,4.431446287950557
CHEMBL3120554,Cc1cccnc1NC(=S)Nc1ccccc1,inactive,4.5968794788241825
CHEMBL3120553,S=C(Nc1ccccc1)Nc1ccncc1,inactive,4.35723879673468
CHEMBL1971338,S=C(Nc1ccccc1)Nc1ccccn1,inactive,4.631527161559638
CHEMBL1334348,COc1ccc(OC)c(NC(S)=Nc2ccccc2)c1,inactive,4.523893283159809
CHEMBL3120551,Fc1ccc(NC(=S)Nc2ccccc2)c(F)c1,inactive,4.614393726401688
CHEMBL1576403,S=C(Nc1ccccc1)Nc1cccc(Br)c1,inactive,4.73754891026957
CHEMBL1304942,S=C(Nc1ccccc1)Nc1ccc(Br)cc1,inactive,4.465212641370508
CHEMBL1436412,S=C(Nc1cccnc1)Nc1cccc(Cl)c1,inactive,4.611543547299734
CHEMBL1500153,S=C(NCc1cccnc1)Nc1cccc(Cl)c1,inactive,4.637706062035769
CHEMBL1400695,S=C(NCc1ccncc1)Nc1cccc(Cl)c1,inactive,4.6439741428068775
CHEMBL3120549,Cc1cccnc1NC(=S)Nc1cccc(Cl)c1,inactive,4.798602875679548
CHEMBL3120548,Cc1ccc(NC(=S)Nc2cccc(Cl)c2)cc1,inactive,4.730487055782084
CHEMBL3120574,Cc1cccc(NC(=S)Nc2cccc(Cl)c2)c1,inactive,4.8230410194130915
CHEMBL3120573,Cc1ccccc1NC(=S)Nc1cccc(Cl)c1,inactive,4.46344155742847
CHEMBL3120572,Fc1ccc(NC(=S)Nc2cccc(Cl)c2)cc1F,inactive,4.787812395596042
CHEMBL1544729,Fc1ccc(NC(S)=Nc2cccc(Cl)c2)cc1,inactive,4.718966632752273
CHEMBL3120571,Cc1ccc(Cl)cc1NC(=S)Nc1cccc(Cl)c1,inactive,4.696803942579511
CHEMBL3120570,S=C(Nc1cccc(Cl)c1)Nc1ccc(Cl)c(Cl)c1,inactive,4.957424487559809
CHEMBL3120569,S=C(Nc1cccc(Cl)c1)Nc1ccc(Cl)cc1Cl,inactive,4.374687549038326
CHEMBL3120568,S=C(Nc1cccc(Cl)c1)Nc1cccc(Cl)c1Cl,inactive,4.567030709125595
CHEMBL3120567,S=C(Nc1cccc(Cl)c1)Nc1c(Cl)cccc1Cl,inactive,4.387640052032226
CHEMBL3120566,Cc1ccc(C)c(NC(=S)Nc2cccc(Cl)c2)c1,inactive,4.679853713888946
CHEMBL3120565,Cc1cccc(C)c1NC(=S)Nc1cccc(Cl)c1,inactive,4.562249437179612
CHEMBL3120564,Cc1ccc(NC(=S)Nc2cccc(Cl)c2)c(C)c1,inactive,4.617982957425132
CHEMBL3120563,COc1ccc(NC(=S)Nc2cccc(Cl)c2)cc1,inactive,4.5292955702772115
CHEMBL3120562,COc1cccc(NC(=S)Nc2cccc(Cl)c2)c1,inactive,4.611543547299734
CHEMBL3120561,COc1ccccc1NC(=S)Nc1cccc(Cl)c1,inactive,4.697669071315601
CHEMBL3120560,S=C(Nc1ccc(Cl)cc1)Nc1cccc(Cl)c1,inactive,4.691862621361961
CHEMBL3120559,S=C(Nc1cccc(Cl)c1)Nc1ccccc1Cl,inactive,4.653647025549361
CHEMBL3120558,S=C(Nc1cccc(Cl)c1)Nc1cccc(Cl)c1,inactive,4.698970004336019
CHEMBL3344256,CC(C)[C@H](NC(=O)CNC(=O)OC(C)(C)C)C(=O)NCC(=O)N[C@H](C(=O)N1CCC[C@H]1C(=O)N1CCN(c2nsc3ccccc23)CC1)C(C)C,inactive,3.530177984021837
CHEMBL3344257,CC(C)[C@H](NC(=O)CNC(=O)[C@H](Cc1ccccc1)NC(=O)CNC(=O)OC(C)(C)C)C(=O)N1CCC[C@H]1C(=O)N1CCN(c2nsc3ccccc23)CC1,inactive,3.5934598195660445
CHEMBL3344258,CC(C)[C@H](NC(=O)CNC(=O)Nc1ccccc1F)C(=O)NCC(=O)N[C@H](C(=O)N1CCC[C@H]1C(=O)N1CCN(c2nsc3ccccc23)CC1)C(C)C,inactive,4.376750709602099
CHEMBL3344246,CC(C)[C@H](NC(=O)CNC(=S)Nc1ccccc1F)C(=O)NCC(=O)N[C@H](C(=O)N1CCC[C@H]1C(=O)N1CCN(c2nsc3ccccc23)CC1)C(C)C,inactive,4.3979400086720375
CHEMBL3344247,CC(C)[C@H](NC(=O)CNC(=O)Nc1cccc(F)c1)C(=O)NCC(=O)N[C@H](C(=O)N1CCC[C@H]1C(=O)N1CCN(c2nsc3ccccc23)CC1)C(C)C,inactive,4.356547323513812
CHEMBL3344248,CC(C)[C@H](NC(=O)CNC(=O)Nc1ccc(F)cc1)C(=O)NCC(=O)N[C@H](C(=O)N1CCC[C@H]1C(=O)N1CCN(c2nsc3ccccc23)CC1)C(C)C,inactive,4.4089353929735005
CHEMBL3344249,CC(C)[C@H](NC(=O)CNC(=S)Nc1ccc(F)cc1)C(=O)NCC(=O)N[C@H](C(=O)N1CCC[C@H]1C(=O)N1CCN(c2nsc3ccccc23)CC1)C(C)C,inactive,4.455931955649724
CHEMBL3344250,COc1ccccc1NC(=O)NCC(=O)N[C@H](C(=O)NCC(=O)N[C@H](C(=O)N1CCC[C@H]1C(=O)N1CCN(c2nsc3ccccc23)CC1)C(C)C)C(C)C,inactive,4.657577319177793
CHEMBL3344251,COc1ccccc1NC(=S)NCC(=O)N[C@H](C(=O)NCC(=O)N[C@H](C(=O)N1CCC[C@H]1C(=O)N1CCN(c2nsc3ccccc23)CC1)C(C)C)C(C)C,inactive,4.698970004336019
CHEMBL3344252,COc1cccc(NC(=O)NCC(=O)N[C@H](C(=O)NCC(=O)N[C@H](C(=O)N2CCC[C@H]2C(=O)N2CCN(c3nsc4ccccc34)CC2)C(C)C)C(C)C)c1,inactive,4.6020599913279625
CHEMBL3344253,COc1cccc(NC(=S)NCC(=O)N[C@H](C(=O)NCC(=O)N[C@H](C(=O)N2CCC[C@H]2C(=O)N2CCN(c3nsc4ccccc34)CC2)C(C)C)C(C)C)c1,inactive,4.638272163982407
CHEMBL3344254,COc1ccc(NC(=O)NCC(=O)N[C@H](C(=O)NCC(=O)N[C@H](C(=O)N2CCC[C@H]2C(=O)N2CCN(c3nsc4ccccc34)CC2)C(C)C)C(C)C)cc1,inactive,4.6777807052660805
CHEMBL3344255,COc1ccc(NC(=S)NCC(=O)N[C@H](C(=O)NCC(=O)N[C@H](C(=O)N2CCC[C@H]2C(=O)N2CCN(c3nsc4ccccc34)CC2)C(C)C)C(C)C)cc1,inactive,4.7447274948966935
CHEMBL3344245,CC(C)[C@H](NC(=O)CNC(=O)[C@H](Cc1ccccc1)NC(=O)CNC(=O)Nc1ccccc1F)C(=O)N1CCC[C@H]1C(=O)N1CCN(c2nsc3ccccc23)CC1,inactive,4.3872161432802645
CHEMBL3344259,CC(C)[C@H](NC(=O)CNC(=O)[C@H](Cc1ccccc1)NC(=O)CNC(=S)Nc1ccccc1F)C(=O)N1CCC[C@H]1C(=O)N1CCN(c2nsc3ccccc23)CC1,inactive,4.42021640338319
CHEMBL3344260,CC(C)[C@H](NC(=O)CNC(=O)[C@H](Cc1ccccc1)NC(=O)CNC(=O)Nc1cccc(F)c1)C(=O)N1CCC[C@H]1C(=O)N1CCN(c2nsc3ccccc23)CC1,inactive,4.366531544420414
CHEMBL3344288,CC(C)[C@H](NC(=O)CNC(=O)[C@H](Cc1ccccc1)NC(=O)CNC(=O)Nc1ccc(F)cc1)C(=O)N1CCC[C@H]1C(=O)N1CCN(c2nsc3ccccc23)CC1,inactive,4.455931955649724
CHEMBL3344289,CC(C)[C@H](NC(=O)CNC(=O)[C@H](Cc1ccccc1)NC(=O)CNC(=S)Nc1ccc(F)cc1)C(=O)N1CCC[C@H]1C(=O)N1CCN(c2nsc3ccccc23)CC1,inactive,4.481486060122112
CHEMBL3344290,COc1ccccc1NC(=O)NCC(=O)N[C@@H](Cc1ccccc1)C(=O)NCC(=O)N[C@H](C(=O)N1CCC[C@H]1C(=O)N1CCN(c2nsc3ccccc23)CC1)C(C)C,inactive,4.6777807052660805
CHEMBL3344291,COc1ccccc1NC(=S)NCC(=O)N[C@@H](Cc1ccccc1)C(=O)NCC(=O)N[C@H](C(=O)N1CCC[C@H]1C(=O)N1CCN(c2nsc3ccccc23)CC1)C(C)C,inactive,4.7447274948966935
CHEMBL3344292,COc1cccc(NC(=O)NCC(=O)N[C@@H](Cc2ccccc2)C(=O)NCC(=O)N[C@H](C(=O)N2CCC[C@H]2C(=O)N2CCN(c3nsc4ccccc34)CC2)C(C)C)c1,inactive,4.638272163982407
CHEMBL3344293,COc1cccc(NC(=S)NCC(=O)N[C@@H](Cc2ccccc2)C(=O)NCC(=O)N[C@H](C(=O)N2CCC[C@H]2C(=O)N2CCN(c3nsc4ccccc34)CC2)C(C)C)c1,inactive,4.721246399047171
CHEMBL3344294,COc1ccc(NC(=O)NCC(=O)N[C@@H](Cc2ccccc2)C(=O)NCC(=O)N[C@H](C(=O)N2CCC[C@H]2C(=O)N2CCN(c3nsc4ccccc34)CC2)C(C)C)cc1,inactive,4.769551078621726
CHEMBL3344295,COc1ccc(NC(=S)NCC(=O)N[C@@H](Cc2ccccc2)C(=O)NCC(=O)N[C@H](C(=O)N2CCC[C@H]2C(=O)N2CCN(c3nsc4ccccc34)CC2)C(C)C)cc1,inactive,4.823908740944319
CHEMBL3600575,O=C1Nc2ccc(Cl)cc2/C1=C\c1ccc(C(=O)N/N=C/c2c(O)cc(O)cc2O)cc1,inactive,4.886056647693163
CHEMBL3600652,Cc1ccc(/C=N/NC(=O)c2ccc(/C=C3/C(=O)Nc4ccc(Cl)cc43)cc2)cc1,inactive,4.308918507877031
CHEMBL3600650,O=C1Nc2ccc(Cl)cc2/C1=C\c1ccc(C(=O)N/N=C/c2cccc([N+](=O)[O-])c2)cc1,inactive,3.828273546346769
CHEMBL3600649,O=C1Nc2ccc(Cl)cc2/C1=C\c1ccc(C(=O)N/N=C/c2ccc([N+](=O)[O-])cc2)cc1,inactive,4.0343280287798935
CHEMBL3600648,COc1ccc(O)c(/C=N/NC(=O)c2ccc(/C=C3/C(=O)Nc4ccc(Cl)cc43)cc2)c1,inactive,4.086186147616283
CHEMBL3600647,COc1ccc(/C=N/NC(=O)c2ccc(/C=C3/C(=O)Nc4ccc(Cl)cc43)cc2)c(O)c1,inactive,3.838332587562264
CHEMBL3600646,C/C(=N\NC(=O)c1ccc(/C=C2/C(=O)Nc3ccc(Cl)cc32)cc1)c1ccccc1O,inactive,4.1438755557577
CHEMBL3600645,O=C1Nc2ccc(Cl)cc2/C1=C\c1ccc(C(=O)N/N=C/c2ccc(Cl)cc2)cc1,inactive,3.9566377219788706
CHEMBL3600644,COc1ccc(/C=N/NC(=O)c2ccc(/C=C3/C(=O)Nc4ccc(Cl)cc43)cc2)cc1,inactive,3.8428455600937186
CHEMBL3600643,O=C1Nc2ccc(Cl)cc2/C1=C\c1ccc(C(=O)N/N=C/c2ccccc2O)cc1,inactive,3.9215431819467073
CHEMBL3600642,O=C1Nc2ccc(Cl)cc2/C1=C\c1ccc(C(=O)N/N=C/c2ccc(O)cc2)cc1,inactive,4.071604147743286
CHEMBL3600583,O=C1Nc2ccc(Cl)cc2/C1=C\c1ccc(C(=O)N/N=C/c2cccc(O)c2)cc1,inactive,3.99012436628784
CHEMBL3600582,O=C1Nc2ccc(Cl)cc2/C1=C\c1ccc(C(=O)N/N=C/c2cccc(O)c2O)cc1,inactive,3.960982678002588
CHEMBL3600581,O=C1Nc2ccc(Cl)cc2/C1=C\c1ccc(C(=O)N/N=C/c2cc(O)cc(O)c2)cc1,inactive,4.71669877129645
CHEMBL3600580,O=C1Nc2ccc(Cl)cc2/C1=C\c1ccc(C(=O)N/N=C/c2ccc(O)c(O)c2)cc1,inactive,4.149966742310231
CHEMBL3600579,O=C1Nc2ccc(Cl)cc2/C1=C\c1ccc(C(=O)N/N=C/c2cc(O)c(O)cc2O)cc1,inactive,3.901356274182943
CHEMBL3600578,O=C1Nc2ccc(Cl)cc2/C1=C\c1ccc(C(=O)N/N=C/c2cc(O)ccc2O)cc1,inactive,4.274088367704952
CHEMBL3600577,O=C1Nc2ccc(Cl)cc2/C1=C\c1ccc(C(=O)N/N=C/c2ccc(O)cc2O)cc1,inactive,4.367542707815276
CHEMBL3600576,C/C(=N\NC(=O)c1ccc(/C=C2/C(=O)Nc3ccc(Cl)cc32)cc1)c1c(O)cc(O)cc1O,inactive,4.450996737974212
CHEMBL3601773,O=C1NC(=S)NC(=O)C1=CNc1ccccc1S,inactive,4.823908740944319
CHEMBL3601772,O=C1NC(=S)NC(=O)C1=CNc1ccccc1O,inactive,4.705533773838407
CHEMBL3601771,O=C1NC(=S)NC(=O)C1=CNc1ccc(I)cc1,inactive,4.383734594718292
CHEMBL3601770,O=C1NC(=S)NC(=O)C1=CNc1cc(Cl)cc(Cl)c1,inactive,4.0498299401918
CHEMBL3601769,O=C1NC(=S)NC(=O)C1=CNc1cc([N+](=O)[O-])ccc1C(F)(F)F,inactive,4.542118103266008
CHEMBL3601768,O=C1NC(=S)NC(=O)C1=CNc1ccc(C(F)(F)F)cc1,inactive,3.86518562967954
CHEMBL3601767,O=C1NC(=S)NC(=O)C1=CNc1cccc(C(F)(F)F)c1,inactive,4.60977163753087
CHEMBL3601766,O=C1NC(=S)NC(=O)C1=CNc1ccccc1C(F)(F)F,inactive,4.185086818724926
CHEMBL3601765,O=C1NC(=O)C(=CNc2ccccc2S)C(=O)N1,inactive,4.279014255846261
CHEMBL3601764,O=C1NC(=S)NC(=O)C1=CNc1cc(C(=O)O)ccc1Cl,inactive,4.5741398549221595
CHEMBL3601763,O=C1NC(=S)NC(=O)C1=CNc1ccc([N+](=O)[O-])c(C(=O)O)c1,inactive,4.400553624274724
CHEMBL3601762,O=C1NC(=S)NC(=O)C1=CNc1cc(C(=O)O)ccc1O,inactive,4.723538195826756
CHEMBL3601760,O=C1NC(=S)NC(=O)C1=CNc1ccc(C(=O)O)c(O)c1,inactive,4.490797477668897
CHEMBL3601758,O=C1NC(=S)NC(=O)C1=CNc1cccc(C(=O)O)c1,inactive,4.66094626429086
CHEMBL3601757,O=C1NC(=S)NC(=O)C1=CNc1ccccc1C(=O)O,inactive,4.8873949984654255
CHEMBL3601756,O=C1NC(=O)C(=CNc2ccc([N+](=O)[O-])c(C(=O)O)c2)C(=O)N1,inactive,4.58838029403677
CHEMBL3601372,O=C1NC(=O)C(=CNc2ccc(C(=O)O)c(O)c2)C(=O)N1,inactive,4.054039296422431
CHEMBL3622693,Fc1ccc(-n2c(-c3c(-c4ccc(C(F)(F)F)cc4)[nH]c4ccccc34)nc(-c3ccccc3)c2-c2ccccc2)cc1,active,6.795880017344075
CHEMBL3622691,Cc1ccc(-n2c(-c3c(-c4ccc(C(F)(F)F)cc4)[nH]c4ccccc34)nc(-c3ccccc3)c2-c2ccccc2)cc1,active,6.920818753952375
CHEMBL3622690,COc1ccc(-n2c(-c3c(-c4ccc(Br)cc4)[nH]c4ccccc34)nc(-c3ccccc3)c2-c2ccccc2)cc1,inactive,4.535808629359001
CHEMBL3622689,Fc1ccc(-n2c(-c3c(-c4ccc(Br)cc4)[nH]c4ccccc34)nc(-c3ccccc3)c2-c2ccccc2)cc1,inactive,4.916139199133427
CHEMBL3622688,Brc1ccc(-c2[nH]c3ccccc3c2-c2nc(-c3ccccc3)c(-c3ccccc3)n2-c2ccc(Br)cc2)cc1,inactive,4.945004138470859
CHEMBL3622686,Clc1ccc(-c2[nH]c3ccccc3c2-c2nc(-c3ccccc3)c(-c3ccccc3)n2-c2ccccc2)cc1,active,6.431798275933005
CHEMBL3622685,Fc1ccc(-n2c(-c3c(-c4ccc(Cl)cc4)[nH]c4ccccc34)nc(-c3ccccc3)c2-c2ccccc2)cc1,active,6.356547323513812
CHEMBL3622680,Brc1ccc(-n2c(-c3c(-c4ccccc4)[nH]c4ccc(Br)cc34)nc(-c3ccccc3)c2-c2ccccc2)cc1,active,6.823908740944319
CHEMBL3629551,S=C(Nc1ccccc1)Nc1ccccc1SSc1ccccc1NC(=S)Nc1ccccc1,inactive,4.8198741248359465
CHEMBL3629550,S=C(Nc1ccccc1SSc1ccccc1NC(=S)NC12CC3CC(CC(C3)C1)C2)NC12CC3CC(CC(C3)C1)C2,inactive,4.7544873321858505
CHEMBL3629547,S=C(Nc1ccccc1Br)Nc1ccccc1SSc1ccccc1NC(=S)Nc1ccccc1Br,inactive,4.730487055782084
CHEMBL3629545,Fc1ccccc1NC(=S)Nc1ccccc1SSc1ccccc1NC(=S)Nc1ccccc1F,active,6.154901959985743
CHEMBL3629081,O=[N+]([O-])c1cccc(NC(=S)Nc2ccccc2SSc2ccccc2NC(=S)Nc2cccc([N+](=O)[O-])c2)c1,inactive,4.910094888560602
CHEMBL3629080,COc1cccc(NC(=S)Nc2ccccc2SSc2ccccc2NC(=S)Nc2cccc(OC)c2)c1,inactive,4.835647144215563
CHEMBL3629079,S=C(Nc1cccc(Br)c1)Nc1ccccc1SSc1ccccc1NC(=S)Nc1cccc(Br)c1,inactive,4.987162775294828
CHEMBL3629072,Fc1ccc(NC(=S)Nc2ccccc2SSc2ccccc2NC(=S)Nc2ccc(F)cc2)cc1,active,6.3979400086720375
CHEMBL3818613,Cc1ccc(/N=C2\C(=O)Nc3ccc(S(=O)(=O)O)cc32)cc1/N=C1\C(=O)Nc2ccc(S(=O)(=O)O)cc21,inactive,4.598599459218456
CHEMBL3818885,Cc1ccc2c(c1)/C(=N/c1ccc(C)c(/N=C3\C(=O)Nc4ccc(C)cc43)c1)C(=O)N2,active,6.468521082957745
CHEMBL3818010,Cc1ccc(/N=C2\C(=O)Nc3ccc(Cl)cc32)cc1/N=C1\C(=O)Nc2ccc(Cl)cc21,active,6.958607314841775
CHEMBL3818469,Cc1ccc(/N=C2\C(=O)Nc3ccc(Br)cc32)cc1/N=C1\C(=O)Nc2ccc(Br)cc21,active,7.3979400086720375
CHEMBL3827717,O=C(NC(=S)Nc1ccc(Cl)cc1)c1cccc(Cl)c1,inactive,4.931814138253838
CHEMBL3827287,Cc1ccc(NC(=S)NC(=O)c2cccc(Cl)c2)cc1,inactive,4.906578314837765
CHEMBL3827087,O=C(NC(=S)Nc1cccc(Br)c1)c1cccc(Cl)c1,inactive,4.696803942579511
CHEMBL3828203,CCc1cccc(CC)c1NC(=S)NC(=O)c1cccc(Cl)c1,inactive,4.899629454882437
CHEMBL3827841,CN(C(=S)NC(=O)c1cccc(Cl)c1)c1ccccc1,inactive,4.756961951313706
CHEMBL1448267,O=C(NC(=S)NCc1ccccc1)c1cccc(Cl)c1,inactive,4.785156151952302
CHEMBL3828702,O=C(NC(=S)NC1CCCCC1)c1cccc(Cl)c1,inactive,4.844663962534939
CHEMBL3895168,CCOc1ccc(/C=N/c2nc(-c3ccccc3)cs2)cc1,inactive,4.95233580539844
CHEMBL3949937,CC(C)c1ccc(/C=N/c2nc(-c3ccccc3)cs2)cc1,inactive,4.838631997765025
CHEMBL3913173,Cc1ccc(/C=N/c2nc(-c3ccccc3)cs2)o1,inactive,4.748848656824645
CHEMBL329507,O=[N+]([O-])c1ccc(/C=N/c2nc(-c3ccccc3)cs2)cc1,inactive,4.488116639021126
CHEMBL3916754,Oc1ccc(/C=N/c2nc(-c3ccccc3)cs2)cc1,inactive,4.6955094722265125
CHEMBL3896410,COc1ccc(/C=N/c2nc(-c3ccccc3)cs2)cc1,inactive,4.651111276928562
CHEMBL3891684,CN(C)c1ccc(/C=N/c2nc(-c3ccccc3)cs2)cc1,inactive,4.691222226335279
CHEMBL3891706,CC/C=N/c1nc(-c2ccccc2)cs1,inactive,4.689731633367552
CHEMBL3960696,Oc1ccccc1/C=N/c1nc(-c2ccccc2)cs1,inactive,4.905528871358356
CHEMBL3975502,COc1ccc(/C=C/C=N/c2nc(-c3ccccc3)cs2)cc1,inactive,4.435807539373802
CHEMBL95373,C(=N/c1nc(-c2ccccc2)cs1)\c1ccccc1,inactive,4.775725985705742
CHEMBL3892224,Clc1ccccc1/C=N/c1nc(-c2ccccc2)cs1,inactive,4.885055584287415
CHEMBL3950151,C(=N/c1nc(-c2ccccc2)cs1)\c1cccc2ccccc12,inactive,4.637140697041319
CHEMBL3963643,Fc1ccccc1/C=N/c1nc(-c2ccccc2)cs1,inactive,4.746419710437817
CHEMBL3917674,Oc1cccc(/C=N/c2nc(-c3ccccc3)cs2)c1O,inactive,4.707079700399994
CHEMBL3890494,COc1ccc(/C=N/c2nc(-c3ccccc3)cs2)cc1OC,inactive,4.94692155651658
CHEMBL3968055,Clc1cccc(Cl)c1/C=N/c1nc(-c2ccccc2)cs1,inactive,4.651111276928562
CHEMBL3893425,Clc1ccc(/C=N/c2nc(-c3ccccc3)cs2)cc1,inactive,4.721246399047171
CHEMBL3976030,COCc1c(/C=N/c2nc(-c3ccccc3)cs2)ccc(OC)c1OC,inactive,4.60977163753087
CHEMBL3893677,O=[N+]([O-])c1cccc(/C=N/c2nc(-c3ccccc3)cs2)c1,inactive,4.978810700930062
CHEMBL4070510,Clc1cc2nc(C3CC3)[nH]c2cc1Cl,active,6.769551078621726
CHEMBL4100084,CNC(=S)NNC(=O)Cn1c(C2CC2)nc2cc(Cl)c(Cl)cc21,active,7.301029995663981
CHEMBL4085244,CCNC(=S)NNC(=O)Cn1c(C2CC2)nc2cc(Cl)c(Cl)cc21,active,6.552841968657781
CHEMBL4103174,Cn1c(S)nnc1Cn1c(C2CC2)nc2cc(Cl)c(Cl)cc21,active,6.769551078621726
CHEMBL4074987,CCn1c(S)nnc1Cn1c(C2CC2)nc2cc(Cl)c(Cl)cc21,active,6.42021640338319
CHEMBL4100705,O=C(Cn1c(C2CC2)nc2cc(Cl)c(Cl)cc21)N/N=C/c1ccc(Cl)cc1,active,6.5376020021010435
CHEMBL4092986,O=C(Cn1c(C2CC2)nc2cc(Cl)c(Cl)cc21)N/N=C/c1ccc(F)c(Br)c1,active,7.221848749616356
CHEMBL4092021,O=C(Cn1c(C2CC2)nc2cc(Cl)c(Cl)cc21)N/N=C/c1cc(Cl)ccc1O,active,6.823908740944319
CHEMBL4071196,O=C(Cn1c(C2CC2)nc2cc(Cl)c(Cl)cc21)N/N=C/c1cc(Br)ccc1O,active,6.853871964321762
CHEMBL4065321,O=C(Cn1c(C2CC2)nc2cc(Cl)c(Cl)cc21)N/N=C/c1ccccc1O,active,6.657577319177793
CHEMBL4202962,Cc1ccc(C(c2c[nH]c3ccc(C(=O)NNC(=S)Nc4ccccc4F)cc23)c2c[nH]c3ccc(C(=O)NNC(=S)Nc4ccccc4F)cc23)cc1,active,6.096910013008056
CHEMBL4214144,Cc1ccc(C(c2c[nH]c3ccc(C(=O)NNC(=S)Nc4cccc(F)c4)cc23)c2c[nH]c3ccc(C(=O)NNC(=S)Nc4cccc(F)c4)cc23)cc1,active,6.008773924307505
CHEMBL4208211,Cc1ccc(C(c2c[nH]c3ccc(C(=O)NNC(=S)Nc4ccc(Cl)c(Cl)c4)cc23)c2c[nH]c3ccc(C(=O)NNC(=S)Nc4ccc(Cl)c(Cl)c4)cc23)cc1,active,6.853871964321762
CHEMBL4211100,COc1cccc(NC(=S)NNC(=O)c2ccc3[nH]cc(C(c4ccc(C)cc4)c4c[nH]c5ccc(C(=O)NNC(=S)Nc6cccc(OC)c6)cc45)c3c2)c1,inactive,4.91721462968355
CHEMBL4209771,Cc1ccc(C(c2c[nH]c3ccc(C(=O)NNC(=S)Nc4ccc(C(F)(F)F)cc4)cc23)c2c[nH]c3ccc(C(=O)NNC(=S)Nc4ccc(C(F)(F)F)cc4)cc23)cc1,active,6.301029995663981
CHEMBL4204156,Cc1ccc(C(c2c[nH]c3ccc(C(=O)NNC(=S)NC45CC6CC(CC(C6)C4)C5)cc23)c2c[nH]c3ccc(C(=O)NNC(=S)NC45CC6CC(CC(C6)C4)C5)cc23)cc1,inactive,4.732828271596986
CHEMBL4438182,NC(=S)N1N=C(c2cc3ccccc3oc2=O)CC1c1ccccc1,active,6.446116973356125
CHEMBL4440032,COc1ccc(NC(=O)NCc2cn(Cc3ccc(Cl)cc3Cl)nn2)cc1,inactive,4.641874714723351
CHEMBL3600661,NS(=O)(=O)c1ccc(CCNC=C2C(=O)NC(=S)NC2=O)cc1,inactive,4.940815382368629
CHEMBL1549559,Cc1ccc(S(=O)(=O)Nc2ccc(S(=O)(=O)Nc3ncccn3)cc2)cc1,active,8.657577319177793
CHEMBL4573263,O=[N+]([O-])c1ccc(NC(=S)N/N=C(\c2ccccc2)c2ccc(O)cc2)cc1,inactive,4.583359492661719
CHEMBL4472939,CC(=O)Nc1ccc(S(=O)(=O)Nc2ccc(Br)cc2)cc1,inactive,4.205093893483196
CHEMBL4796023,CCCCCCCCn1c2ccc(C(C)=O)cc2c2cc(C(=O)/C=C/c3ccc(Cl)cc3)ccc21,inactive,4.6076548446387955
CHEMBL4778537,CCCCCCCCn1c2ccc(C(C)=O)cc2c2cc(C(=O)/C=C/c3cccc([N+](=O)[O-])c3)ccc21,inactive,4.849243560139691
CHEMBL4777883,CCCCCCCCn1c2ccc(C(C)=O)cc2c2cc(C(=O)/C=C/c3ccc(N(C)C)cc3)ccc21,inactive,3.8267554409384332
CHEMBL4784552,CCCCCCCCn1c2ccc(C(C)=O)cc2c2cc(C(=O)/C=C/c3cc(OC)c(OC)c(OC)c3)ccc21,inactive,3.8241983671517206
CHEMBL4779235,CCCCCCCCn1c2ccc(C(C)=O)cc2c2cc(C(=O)/C=C/c3ccco3)ccc21,inactive,4.605898697959955
CHEMBL4525654,CN(C)c1cccc2c(S(=O)(=O)NN=C(c3ccccc3)c3ccccc3)cccc12,inactive,4.141522958186659
CHEMBL4443209,O=S(=O)(NN=C(c1ccccc1)c1ccccc1)c1cc(Cl)cc(Cl)c1O,inactive,4.144905048841379
CHEMBL4536222,O=[N+]([O-])c1ccc(S(=O)(=O)NN=C(c2ccccc2)c2ccccc2)c([N+](=O)[O-])c1,inactive,4.161213855053405
CHEMBL4555860,Cc1ccc([N+](=O)[O-])cc1S(=O)(=O)NN=C(c1ccccc1)c1ccccc1,inactive,4.161213855053405
CHEMBL4574235,O=S(=O)(NN=C(c1ccccc1)c1ccccc1)c1ccc(Cl)cc1,inactive,4.179798540514359
CHEMBL4521852,O=S(=O)(N/N=C(\c1ccccc1)c1ccc(O)cc1)c1ccccc1,inactive,4.787812395596042
CHEMBL4568517,CS(=O)(=O)N/N=C(\c1ccccc1)c1ccc(O)cc1,inactive,4.362610349870788
CHEMBL4446149,O=S(=O)(N/N=C(\c1ccccc1)c1ccc(O)cc1)c1ccccc1Cl,inactive,4.771856392402258
CHEMBL4572204,O=S(=O)(N/N=C(\c1ccccc1)c1ccc(O)cc1)c1cc(Cl)c(Cl)cc1Cl,inactive,4.237471477553
CHEMBL4592281,O=S(=O)(CCCl)N/N=C(\c1ccccc1)c1ccc(O)cc1,inactive,4.259321574772545
CHEMBL4474805,O=S(=O)(N/N=C(\c1ccccc1)c1ccc(O)cc1)c1ccc(Cl)cc1Cl,inactive,4.744968836654449
CHEMBL4557719,O=S(=O)(N/N=C(\c1ccccc1)c1ccc(O)cc1)c1cc(Cl)ccc1Cl,inactive,4.505845405981558
CHEMBL4587997,COc1ccc(S(=O)(=O)N/N=C(\c2ccccc2)c2ccc(O)cc2)cc1,inactive,4.838332587562264
CHEMBL4436232,O=[N+]([O-])c1cccc(S(=O)(=O)N/N=C(\c2ccccc2)c2ccc(O)cc2)c1,inactive,4.8623294627632445
CHEMBL462481,NCC(=O)NCC(=O)NO,active,6.102372908709558
CHEMBL4126448,Cc1cccc(NC(=O)CCSc2nnc(Cc3csc(NC(=O)c4ccccc4)n3)o2)c1,inactive,4.912573542963714
CHEMBL4126307,Cc1ccc(NC(=O)CCSc2nnc(Cc3csc(NC(=O)c4ccccc4)n3)o2)cc1,inactive,4.534914712442567
CHEMBL4127682,Cc1cccc(NC(=O)CCSc2nnc(Cc3csc(NC(=O)c4ccccc4)n3)o2)c1C,inactive,4.317313521750232
CHEMBL4127272,Cc1ccc(C)c(NC(=O)CCSc2nnc(Cc3csc(NC(=O)c4ccccc4)n3)o2)c1,inactive,4.816730156317195
CHEMBL4128510,Cc1ccc(NC(=O)CCSc2nnc(Cc3csc(NC(=O)c4ccccc4)n3)o2)cc1C,inactive,4.466100899203405
CHEMBL4129880,Cc1cc(C)cc(NC(=O)CCSc2nnc(Cc3csc(NC(=O)c4ccccc4)n3)o2)c1,inactive,4.282995592959453
CHEMBL4126727,CCc1ccc(NC(=O)CCSc2nnc(Cc3csc(NC(=O)c4ccccc4)n3)o2)cc1,inactive,4.364717362001788
CHEMBL4127102,CCOc1ccc(NC(=O)CCSc2nnc(Cc3csc(NC(=O)c4ccccc4)n3)o2)cc1,inactive,4.633763876281707
CHEMBL4291305,CC(C)=CCN1C(=O)/C(=N/NC(=O)c2ccccc2)c2ccccc21,inactive,3.8894102897007508
CHEMBL4286810,CC(C)=CCN1C(=O)/C(=N/NC(=O)c2ccc(F)cc2)c2ccccc21,inactive,3.812479279163537
CHEMBL4294712,CC(C)=CCN1C(=O)/C(=N/NC(=O)c2ccc(Cl)cc2)c2ccccc21,inactive,3.844663962534938
CHEMBL4281503,CC(C)=CCN1C(=O)/C(=N/NC(=O)c2ccc(Br)cc2)c2ccccc21,inactive,4.0762380391713
CHEMBL4289384,CC(C)=CCN1C(=O)/C(=N/NC(=O)c2ccc(C)cc2)c2ccccc21,inactive,4.52432881167557
CHEMBL4279579,CC(C)=CCN1C(=O)/C(=N/NC(=O)c2ccc(C(C)C)cc2)c2ccccc21,inactive,4.826813731587726
CHEMBL4290913,CC(C)=CCN1C(=O)/C(=N/NC(=O)c2ccc(C(C)(C)C)cc2)c2ccccc21,inactive,4.709965388637482
CHEMBL4283043,CC(C)=CCN1C(=O)/C(=N/NC(=O)c2ccc(C(F)(F)F)cc2)c2ccccc21,inactive,4.355561410532162
CHEMBL4294307,CC(C)=CCN1C(=O)/C(=N/NC(=O)c2ccc(Oc3ccccc3)cc2)c2ccccc21,inactive,4.6439741428068775
CHEMBL4279161,CC(C)=CCN1C(=O)/C(=N/NC(=O)c2cccc(Cl)c2)c2ccccc21,inactive,4.419075024324381
CHEMBL4289842,CC(C)=CCN1C(=O)/C(=N/NC(=O)c2cccc(Br)c2)c2ccccc21,inactive,4.559090917934782
CHEMBL4293217,CC(C)=CCN1C(=O)/C(=N/NC(=O)c2cccc(C(F)(F)F)c2)c2ccccc21,inactive,4.181774106386045
CHEMBL4289523,COc1ccccc1C(=O)N/N=C1/C(=O)N(CC=C(C)C)c2ccccc21,inactive,4.931814138253838
CHEMBL4293995,COc1ccc(C(=O)N/N=C2/C(=O)N(CC=C(C)C)c3ccccc32)cc1OC,active,6.1487416512809245
CHEMBL4285715,CC(C)=CCN1C(=O)/C(=N/Nc2ccccc2)c2ccccc21,inactive,3.5228787452803374
CHEMBL243822,Oc1ccc(CCc2ccc(O)c(O)c2O)cc1,inactive,4.522878745280337
CHEMBL242739,O=c1c(-c2ccc(O)cc2)coc2c(O)c(O)ccc12,inactive,3.853871964321762
CHEMBL503157,N=C(Cc1ccc(O)cc1)c1ccc(O)c(O)c1,inactive,4.769551078621726
CHEMBL412199,NC(Cc1ccc(O)cc1)c1ccc(O)c(O)c1O,inactive,4.327902142064283
CHEMBL593513,Cc1ncc([N+](=O)[O-])n1CCOC(=O)c1cc(Cl)ccc1OCCn1c([N+](=O)[O-])cnc1C,inactive,4.920818753952375
CHEMBL595619,Cc1ncc([N+](=O)[O-])n1CCOC(=O)c1cc(Br)ccc1OCCn1c([N+](=O)[O-])cnc1C,inactive,4.585026652029182
CHEMBL1276206,Oc1ccc(CCc2ccc(F)cc2)c(O)c1O,inactive,4.366531544420414
CHEMBL1276207,Oc1ccc(CCc2ccc(Cl)cc2)c(O)c1O,inactive,4.327902142064283
CHEMBL1276035,Oc1ccc(CCc2ccc(Br)cc2)c(O)c1O,inactive,4.318758762624412
CHEMBL1276036,Oc1ccc(CCc2cccc(Cl)c2)c(O)c1O,inactive,4.301029995663981
CHEMBL1276037,Oc1ccc(CCc2cccc(Br)c2)c(O)c1O,inactive,4.2839966563652006
CHEMBL1276338,COc1ccc(CCc2ccc(O)c(O)c2O)cc1OC,inactive,4.1487416512809245
CHEMBL1276359,CCOc1ccc(CCc2ccc(O)c(O)c2O)cc1OCC,inactive,4.161150909262744
CHEMBL1276108,CCc1ccc(O)c(O)c1O,inactive,4.468521082957745
CHEMBL1276131,CCCCc1ccc(O)c(O)c1O,inactive,4.102372908709558
CHEMBL1276132,CCCCCCc1ccc(O)c(O)c1O,inactive,4.040958607678906
CHEMBL1276133,CCCCCCCCc1ccc(O)c(O)c1O,inactive,3.9871627752948275
CHEMBL1276134,CCCCCCCCCCc1ccc(O)c(O)c1O,inactive,3.906578314837765
CHEMBL1276360,CCCCCCCCCCCCc1ccc(O)c(O)c1O,inactive,3.774690718274137
CHEMBL1276361,CCCCCCCCCCCCCCc1ccc(O)c(O)c1O,inactive,3.6020599913279625
CHEMBL1276107,Oc1ccc(CCc2cccc(Cl)c2)cc1O,inactive,4.804100347590766
CHEMBL1276239,Oc1ccc(CCc2cccc(Br)c2)cc1O,inactive,4.772113295386326
CHEMBL1276240,COc1ccc(CCc2ccc(O)c(O)c2)cc1OC,inactive,4.6439741428068775
CHEMBL1276284,CCCCCCc1ccc(O)c(O)c1,inactive,4.910094888560602
CHEMBL1276285,CCCCCCCCc1ccc(O)c(O)c1,inactive,4.236572006437063
CHEMBL472762,COc1ccc(CCc2ccccc2O)cc1OC,inactive,3.643974142806877
CHEMBL1276286,COc1ccc(CCc2ccc(O)cc2)cc1OC,inactive,3.6903698325741012
CHEMBL1276287,COc1ccc(CCc2cccc(Cl)c2)cc1OC,inactive,3.6289321377282637
CHEMBL1275656,COc1ccc(CCc2ccc(Cl)cc2)cc1OC,inactive,3.595166283380062
CHEMBL2058477,O=C1C=C(NCCN2CCOCC2)C(=O)C=C1NCCN1CCOCC1,inactive,4.5638373529592435
CHEMBL2058478,O=C1C=C(NC2CCCCC2)C(=O)C=C1NC1CCCCC1,inactive,4.3819519032879075
CHEMBL2058480,O=C1C=C(NC2CCCC2)C(=O)C=C1NC1CCCC1,inactive,4.451487743658965
CHEMBL206452,Oc1cc(O)c2c(c1)OC(c1ccc(O)c(O)c1)C(O)C2,active,7.886056647693163
CHEMBL117,O=c1cc(-c2ccccc2)oc2cc(O)cc(O)c12,inactive,3.5199930570428495
CHEMBL275391,COc1cc(OC)c2c(=O)cc(-c3ccccc3)oc2c1,inactive,2.6605485586935593
CHEMBL151,O=c1cc(-c2ccc(O)c(O)c2)oc2cc(O)cc(O)c12,inactive,4.450996737974212
CHEMBL8260,O=c1cc(-c2ccccc2)oc2cc(O)c(O)c(O)c12,inactive,3.5361070110140926
CHEMBL8145,O=c1c(-c2ccc(O)cc2)coc2cc(O)ccc12,inactive,3.2549252084179425
CHEMBL12658,COc1ccc(-c2coc3cc(OC)ccc3c2=O)cc1,inactive,2.4525945403325102
CHEMBL242341,COc1ccc(-c2coc3cc(O)ccc3c2=O)cc1,inactive,2.6983190507064236
CHEMBL73930,COc1ccc(-c2cc(=O)c3c(OC)c(OC)c(OC)c(OC)c3o2)cc1,inactive,2.334606649720288
CHEMBL50,O=c1c(O)c(-c2ccc(O)c(O)c2)oc2cc(O)cc(O)c12,inactive,4.958607314841775
CHEMBL28,O=c1cc(-c2ccc(O)cc2)oc2cc(O)cc(O)c12,inactive,3.8601209135987635
CHEMBL2377270,Oc1cc(O)c2c(c1)OC(c1ccccc1)C=C2,inactive,4.478861916295964
CHEMBL486009,COc1cc(O)c(C(=O)CCc2ccccc2)c(O)c1,inactive,3.0096611452123985
CHEMBL492166,COc1cc(O)c(C(=O)CCc2ccccc2)c(OC)c1,inactive,2.77780395369828
CHEMBL104255,COc1cc(O)c(C(=O)/C=C/c2ccccc2)c(OC)c1,inactive,2.9136401693252516
CHEMBL2377165,Oc1cc2c(c(O)c1O)C=CC(c1ccccc1)O2,inactive,4.655607726314889
CHEMBL2377164,Oc1ccc(C2=COc3c(ccc(O)c3O)C2)cc1,active,6.070581074285707
CHEMBL2377163,COc1ccc(C2=COc3cc(O)ccc3C2)cc1,inactive,4.064492734175287
CHEMBL2377162,COc1ccc(C2COc3cc(OC)ccc3C2)cc1,inactive,2.7488486568246455
CHEMBL453016,COc1ccc(C2COc3cc(O)ccc3C2)cc1,inactive,3.4461169733561254
CHEMBL1957037,Oc1ccc(C2COc3cc(O)ccc3C2)cc1,inactive,4.031984286006359
CHEMBL2377161,COc1ccc(C2COc3cc(OC)ccc3C2O)cc1,inactive,2.4126258279269344
CHEMBL2377160,COc1ccc(C(C)C(=O)c2ccc(OC)cc2O)cc1,inactive,2.6619421245802437
CHEMBL1373918,COc1ccc(C(C)C(=O)c2ccc(O)cc2O)cc1,inactive,2.9788107009300617
CHEMBL2377159,COc1ccc(C2=CCc3c(OC)c(OC)c(OC)c(OC)c3O2)cc1,inactive,2.4212462155735652
CHEMBL2377158,COc1ccc(C2C=Cc3c(OC)c(OC)c(OC)c(OC)c3O2)cc1,inactive,2.3796557002455065
CHEMBL2377157,COc1ccc(C2CC(O)c3c(OC)c(OC)c(OC)c(OC)c3O2)cc1,inactive,2.3139897086847143
CHEMBL337309,O=C1c2c(O)cc(O)cc2OC(c2ccc(O)c(O)c2)C1O,inactive,4.359518563029578
CHEMBL32571,O=C1CC(c2ccc(O)cc2)Oc2cc(O)cc(O)c21,inactive,3.484126156288321
CHEMBL2425480,O=C(CC(O)c1cc(Cl)ccc1O)NO,inactive,4.94692155651658
CHEMBL2425478,O=C(CC(O)c1cccc(Cl)c1Cl)NO,active,6.040958607678906
CHEMBL2425470,O=C(CC(O)c1cccc(F)c1)NO,inactive,4.876148359032914
CHEMBL2425469,O=C(CC(O)c1cccc(Cl)c1)NO,active,6.443697499232712
CHEMBL2425483,CN(C)c1ccc(C(=O)NO)cc1,inactive,4.108462542327436
CHEMBL2425481,COc1ccc(F)cc1C(O)CC(=O)NO,inactive,4.958607314841775
CHEMBL2425473,O=C(CC(O)c1ccc(OCc2ccccc2)cc1)NO,inactive,4.211124884224583
CHEMBL2425472,COc1ccc(C(O)CC(=O)NO)cc1,inactive,4.124360062995832
CHEMBL2425468,COc1cccc(C(O)CC(=O)NO)c1,inactive,4.634512015109101
CHEMBL2425467,O=C(CC(O)c1cccc(O)c1)NO,inactive,3.8827287043442356
CHEMBL2425464,COc1ccccc1C(O)CC(=O)NO,inactive,4.414539270491499
CHEMBL2425463,O=C(CC(O)c1ccccc1)NO,inactive,4.806875401645538
CHEMBL3594253,O=[N+]([O-])c1ccc(CNc2ccc([N+](=O)[O-])cc2)cc1,inactive,3.8989406450918844
CHEMBL3594252,O=[N+]([O-])c1ccc(NCc2ccc(Cl)cc2)cc1,inactive,4.076755981369724
CHEMBL3594251,O=[N+]([O-])c1ccc(NCc2ccc(O)cc2)cc1,inactive,4.55129368009492
CHEMBL3593638,COc1ccc(NCc2cccc([N+](=O)[O-])c2)cc1,inactive,3.4959371173213083
CHEMBL3593637,COc1ccc(NCc2ccc(Cl)cc2)cc1,inactive,3.3010299956639813
CHEMBL3594268,COc1ccc(NCc2ccc(N(C)C)cc2)cc1,inactive,3.3010299956639813
CHEMBL3594267,O=[N+]([O-])c1cccc(CNc2cccc(Cl)c2)c1,inactive,3.3868984830330873
CHEMBL3594266,O=[N+]([O-])c1ccc(CNc2cccc(Cl)c2)cc1,inactive,3.6261688549261697
CHEMBL3594265,O=[N+]([O-])c1ccccc1CNc1ccc(Cl)cc1,inactive,3.6221475809932455
CHEMBL3594264,CN(C)c1ccc(CNc2ccc(Cl)cc2)cc1,inactive,3.3010299956639813
CHEMBL3594263,Clc1ccc(NCc2ccc3c(c2)OCO3)cc1,inactive,3.3010299956639813
CHEMBL3594262,COc1ccc(CNc2ccc(Cl)cc2)cc1OC,inactive,3.3010299956639813
CHEMBL3594261,O=[N+]([O-])c1ccccc1NCc1ccc(O)c(O)c1,inactive,4.345823458122039
CHEMBL3594260,O=[N+]([O-])c1cccc(CNc2cccc([N+](=O)[O-])c2)c1,inactive,4.070581074285707
CHEMBL3594259,O=[N+]([O-])c1ccc(CNc2cccc([N+](=O)[O-])c2)cc1,inactive,4.187755303199631
CHEMBL3594258,O=[N+]([O-])c1cccc(NCc2ccc(Cl)cc2)c1,inactive,4.2403321553103694
CHEMBL3594257,CN(C)c1ccc(CNc2cccc([N+](=O)[O-])c2)cc1,inactive,4.774690718274137
CHEMBL3594256,O=[N+]([O-])c1cccc(NCc2ccc3c(c2)OCO3)c1,inactive,4.882728704344236
CHEMBL3594255,COc1ccc(CNc2cccc([N+](=O)[O-])c2)cc1OC,inactive,4.297569463554475
CHEMBL3601582,O=C1OCC(O)=C1c1ccccc1,inactive,4.050609993355087
CHEMBL3601583,O=C1OCC(O)=C1c1ccccc1F,inactive,4.1249387366083
CHEMBL3601584,O=C1OCC(O)=C1c1ccccc1Cl,inactive,4.167491087293763
CHEMBL3601585,Cc1ccccc1C1=C(O)COC1=O,inactive,4.187086643357144
CHEMBL3601586,O=C1OCC(O)=C1c1ccccc1OCc1ccccc1,inactive,4.301029995663981
CHEMBL3601587,O=C1OCC(O)=C1c1cccc(F)c1,inactive,4.207608310501746
CHEMBL3601588,O=C1OCC(O)=C1c1cccc(Cl)c1,inactive,4.343901797987168
CHEMBL3601589,O=C1OCC(O)=C1c1cccc(Br)c1,inactive,4.087246696328677
CHEMBL3601590,Cc1cccc(C2=C(O)COC2=O)c1,inactive,4.507239610973162
CHEMBL3601591,O=C1OCC(O)=C1c1cccc(C(F)(F)F)c1,inactive,4.1911141326401875
CHEMBL3601592,O=C1OCC(O)=C1c1cccc(OCc2ccccc2)c1,inactive,4.110698297493689
CHEMBL3601593,O=C1OCC(O)=C1c1ccc(F)cc1,inactive,4.391473966422806
CHEMBL3601594,O=C1OCC(O)=C1c1ccc(Cl)cc1,inactive,4.0
CHEMBL3601595,O=C1OCC(O)=C1c1ccc(Br)cc1,inactive,4.0
CHEMBL3601596,Cc1ccc(C2=C(O)COC2=O)cc1,inactive,4.0
CHEMBL3601616,O=C1OCC(O)=C1c1ccc(OCc2ccccc2)cc1,inactive,4.978810700930062
CHEMBL3601617,O=C1OCC(O)=C1c1ccc(Cl)c(Cl)c1,inactive,4.0
CHEMBL3601618,COc1ccc(C2=C(O)COC2=O)cc1OC,inactive,4.437707135543525
CHEMBL3601619,CCOc1ccc(C2=C(O)COC2=O)cc1OCC,inactive,4.037630664329979
CHEMBL3601620,O=C1OCC(O)=C1c1ccc(Cl)cc1Cl,inactive,4.0
CHEMBL4177368,O=C(CNc1ccc(Cl)c(Cl)c1)NO,inactive,4.380906669373257
CHEMBL4173599,O=C(CNc1cccc(Br)c1)NO,inactive,4.317854923626168
CHEMBL4176964,O=C(CNc1cc(Cl)cc(Cl)c1)NO,inactive,4.772113295386326
CHEMBL4170188,O=C(CCNc1ccc(F)cc1)NO,inactive,4.747146969020107
CHEMBL4159556,O=C(CCNc1ccccc1Br)NO,inactive,4.838631997765025
CHEMBL4169795,O=C(CCNc1cc(Cl)ccc1Cl)NO,inactive,4.530177984021837
CHEMBL4176993,O=C(CCNc1ccc(Cl)c(Cl)c1)NO,inactive,4.410050398674292
CHEMBL4172924,O=C(CCNc1ccc(Cl)cc1Cl)NO,active,6.853871964321762
CHEMBL4163886,COc1ccccc1NCC(=O)NO,inactive,3.8181564120552274
CHEMBL4161538,COc1cccc(NCC(=O)NO)c1,inactive,4.661344334421299
CHEMBL4171725,O=C(CNc1cccc(Cl)c1Cl)NO,inactive,4.8297382846050425
CHEMBL4166733,O=C(CNc1ccc(Cl)cc1Cl)NO,inactive,4.179798540514359
CHEMBL4172409,O=C(CNc1c(Cl)cccc1Cl)NO,inactive,3.7189666327522723
CHEMBL4167961,COc1ccc(NCC(=O)NO)cc1,inactive,4.156144577376839
CHEMBL4160701,O=C(CNc1ccccc1Cl)NO,inactive,4.229884705212898
CHEMBL4171297,O=C(CNc1ccccc1Br)NO,inactive,4.910094888560602
CHEMBL4164106,O=C(CN1CCCc2ccccc21)NO,inactive,4.148130399270234
CHEMBL4166373,O=C(CCNc1c(Cl)cccc1Cl)NO,inactive,4.6020599913279625
CHEMBL4162250,O=C(CCNc1ccccc1[N+](=O)[O-])NO,inactive,4.9775716288145135
CHEMBL4169118,O=C(CCN1CCCc2ccccc21)NO,inactive,4.675100502947687
CHEMBL4241971,O=C(CCOc1ccc(Br)cc1)NO,inactive,4.787812395596042
CHEMBL4243350,O=C(CCOc1ccc(Cl)c(Cl)c1)NO,active,6.050609993355087
CHEMBL4245850,O=C(COc1ccc(Cl)c(Cl)c1)NO,inactive,4.892790030352131
CHEMBL2094349,O=C(COc1ccc(Cl)cc1Cl)NO,inactive,4.669586226650809
CHEMBL4239073,O=C(CCOc1cc(Cl)ccc1Cl)NO,inactive,4.882728704344236
CHEMBL4239299,Cc1cc(C)cc(OCCC(=O)NO)c1,inactive,4.982966660701219
CHEMBL4239124,O=C(COc1ccc([N+](=O)[O-])cc1)NO,inactive,4.20690839982342
CHEMBL4239571,O=C(COc1cccc([N+](=O)[O-])c1)NO,inactive,4.023650020996726
CHEMBL4249219,O=C(COc1ccccc1[N+](=O)[O-])NO,inactive,3.840733668906506
CHEMBL4250127,O=C(COc1cc(F)cc(F)c1)NO,inactive,3.6873995607387404
CHEMBL4242065,O=C(COc1c(Cl)cccc1Cl)NO,inactive,3.451979305094469
CHEMBL4238560,O=C(COc1cccc(Cl)c1Cl)NO,inactive,3.747875447494356
CHEMBL4242735,O=C(COc1ccccc1Cl)NO,inactive,4.105130343254747
CHEMBL4245086,O=C(COc1cccc(Cl)c1)NO,inactive,4.982966660701219
CHEMBL4245261,O=C(COc1ccccc1F)NO,inactive,3.915423722065669
CHEMBL4250489,O=C(COc1cccc(F)c1)NO,inactive,4.568636235841013
CHEMBL4245439,O=C(COc1ccc(F)cc1)NO,inactive,4.723538195826756
CHEMBL4239970,Cc1cc(C)cc(OCC(=O)NO)c1,inactive,4.377785977033705
CHEMBL4238717,COc1ccc(OCC(=O)NO)cc1,inactive,4.305394801066432
CHEMBL4247495,Cc1ccc(OCC(=O)NO)cc1,inactive,4.243363891754152
CHEMBL4245159,Cc1cccc(OCC(=O)NO)c1,inactive,4.070070439915412
CHEMBL4246997,Cc1ccccc1OCC(=O)NO,inactive,3.8136087843045066
CHEMBL569422,O=C(COc1ccccc1)NO,inactive,3.8820661649603583
CHEMBL4590676,O=C(CC(O)c1cc(Cl)ccc1OCc1ccccc1)NO,active,6.823908740944319
CHEMBL4568283,CN(O)C(=O)CC(O)c1cc(Cl)ccc1OCc1ccccc1,inactive,4.581698708680254
CHEMBL4469655,CN(O)C(=O)CC(O)c1cc(Cl)ccc1O,inactive,4.515700160653214
CHEMBL4447735,COc1ccc(C(O)CC(=O)N(C)O)cc1OC,inactive,3.3925449767853313
CHEMBL4476469,COc1cc(C(O)CC(=O)N(C)O)ccc1OCc1ccccc1,inactive,3.58838029403677
CHEMBL4531553,CN(O)C(=O)CC(O)c1ccc(OCc2ccccc2)c(OCc2ccccc2)c1,inactive,3.4248121550723387
CHEMBL4530689,CN(O)C(=O)CC(O)c1ccc(Cl)c(Cl)c1,inactive,4.043831569524636
CHEMBL4579243,CN(O)C(=O)CC(O)c1c(Cl)cccc1Cl,inactive,4.108462542327436
CHEMBL4545901,O=C(CC(O)c1ccc(Cl)cc1Cl)NO,inactive,4.872895201635193
CHEMBL4472402,CN(O)C(=O)CC(O)c1ccc(Cl)cc1Cl,inactive,3.4353339357479107
CHEMBL4440368,CN(O)C(=O)CC(O)c1cccc(Cl)c1Cl,inactive,4.018634490921455
CHEMBL4534392,CN(O)C(=O)CC(O)c1ccc(OCc2ccccc2)cc1,inactive,3.703334809738469
CHEMBL4437504,CN(O)C(=O)CC(O)c1ccc(N(C)C)cc1,inactive,3.5421181032660076
CHEMBL4454777,COc1ccc(C(O)CC(=O)N(C)O)cc1,inactive,3.484126156288321
CHEMBL4461397,CN(O)C(=O)CC(O)c1ccc(Br)cc1,inactive,4.010550182333308
CHEMBL4473012,CN(O)C(=O)CC(O)c1ccc(Cl)cc1,inactive,4.058488567365597
CHEMBL4439781,CN(O)C(=O)CC(O)c1ccc(F)cc1,inactive,4.112382699664264
CHEMBL4535418,COc1cccc(C(O)CC(=O)N(C)O)c1,inactive,4.049635145623877
CHEMBL4470787,CN(O)C(=O)CC(O)c1cccc(Br)c1,inactive,4.106793246940152
CHEMBL4516908,CN(O)C(=O)CC(O)c1cccc(Cl)c1,inactive,4.318758762624412
CHEMBL4585313,CN(O)C(=O)CC(O)c1cccc(F)c1,inactive,4.147520006363144
CHEMBL4539763,COc1ccccc1C(O)CC(=O)N(C)O,inactive,4.075720713938118
CHEMBL4555761,CN(O)C(=O)CC(O)c1ccccc1Cl,inactive,4.247183568811729
CHEMBL1219,COCCCOc1ccnc(C[S+]([O-])c2nc3ccccc3[nH]2)c1C,active,6.5376020021010435
CHEMBL3655716,O=c1[nH][se]c2ccccc12,inactive,4.313363730737707
CHEMBL51085,O=c1c2ccccc2[se]n1-c1ccccc1,inactive,4.161150909262744
CHEMBL4469439,O=c1c2ccccc2[se]n1[C@H](CO)c1ccccc1,inactive,4.102372908709558
CHEMBL4592440,CC(C)[C@@H](C(=O)O)n1[se]c2ccccc2c1=O,inactive,3.7304870557820835
CHEMBL4463967,CC(C)C[C@@H](C(=O)O)n1[se]c2ccccc2c1=O,inactive,3.521433504406157
CHEMBL4520558,O=C(O)C[C@@H](C(=O)O)n1[se]c2ccccc2c1=O,inactive,3.4111682744057927
CHEMBL4444989,O=C(O)CCCn1[se]c2ccccc2c1=O,inactive,3.9871627752948275
CHEMBL4089739,COC(=O)Cn1[se]c2ccccc2c1=O,inactive,3.9677842967020185
CHEMBL4563587,COC(=O)[C@H](C)n1[se]c2ccccc2c1=O,inactive,4.1249387366083
CHEMBL4563580,CCC(C)[C@@H](C(=O)OC)n1[se]c2ccccc2c1=O,inactive,4.017728766960431
CHEMBL4444060,COC(=O)[C@H](CC(C)C)n1[se]c2ccccc2c1=O,inactive,3.896196279044043
CHEMBL4469463,COC(=O)[C@@H](CC(C)C)n1[se]c2ccccc2c1=O,inactive,3.9172146296835497
CHEMBL385817,O=C(Nc1ccccc1)c1ccccc1[Se][Se]c1ccccc1C(=O)Nc1ccccc1,inactive,4.060480747381382
CHEMBL3747547,O=C(O)CNC(=O)c1ccccc1[Se][Se]c1ccccc1C(=O)NCC(=O)O,inactive,3.7878123955960423
CHEMBL3747132,C[C@H](NC(=O)c1ccccc1[Se][Se]c1ccccc1C(=O)N[C@@H](C)C(=O)O)C(=O)O,inactive,4.070581074285707
CHEMBL4524305,C[C@H](c1ccccc1)n1[se]c2ccccc2c1=O,inactive,4.5968794788241825
CHEMBL4534596,C[C@@H](C(=O)O)n1[se]c2ccccc2c1=O,inactive,3.707743928643524
CHEMBL4552531,O=C(O)CCn1[se]c2ccccc2c1=O,inactive,4.42021640338319
CHEMBL4539240,CCC(CO)NC(=O)c1ccccc1[Se][Se]c1ccccc1C(=O)NC(CC)CO,inactive,3.96657624451305
CHEMBL4461450,O=C(O)CCCNC(=O)c1ccccc1[Se][Se]c1ccccc1C(=O)NCCCC(=O)O,inactive,4.450996737974212
CHEMBL4471428,COC(=O)CNC(=O)c1ccccc1[Se][Se]c1ccccc1C(=O)NCC(=O)OC,inactive,4.070581074285707
CHEMBL4575318,COC(=O)CCCNC(=O)c1ccccc1[Se][Se]c1ccccc1C(=O)NCCCC(=O)OC,inactive,4.696803942579511
CHEMBL1976884,O=C(O)c1ccccc1[Se][Se]c1ccccc1C(=O)O,inactive,3.1001794975729036
